"first_name","last_name","email","date_of_birth","ip_address","created_at"
"Fred","Reinger","mfeeney@example.com","2002-12-21","174.141.123.7","2020-03-22 07:28:45"
"Javon","Rice","lernser@example.com","1997-04-25","174.74.161.93","2020-03-22 07:28:45"
"Mia","Deckow","carolina59@example.org","2017-03-15","91.31.178.245","2020-03-22 07:28:45"
"Ezekiel","O'Hara","cprohaska@example.com","2013-06-06","63.154.78.247","2020-03-22 07:28:45"
"Lou","Metz","buckridge.josiane@example.com","2008-04-22","104.52.155.17","2020-03-22 07:28:45"
"Shanel","Glover","vsporer@example.net","2020-02-11","96.36.111.244","2020-03-22 07:28:45"
"Gene","Effertz","reilly.rudolph@example.org","2008-03-06","20.227.140.217","2020-03-22 07:28:45"
"Helen","Ratke","glebsack@example.net","1998-11-13","71.48.109.97","2020-03-22 07:28:45"
"Eve","Rau","osatterfield@example.com","1992-03-12","148.145.135.22","2020-03-22 07:28:45"
"Kayli","Little","pagac.aliza@example.com","1999-10-01","161.132.197.146","2020-03-22 07:28:45"
"Obie","Bogisich","skyla.wehner@example.com","1999-09-16","251.169.3.13","2020-03-22 07:28:45"
"Kathryn","Goyette","moises.marquardt@example.net","1990-02-23","253.100.94.115","2020-03-22 07:28:45"
"Kimberly","Heller","rick43@example.com","1990-02-14","219.19.223.125","2020-03-22 07:28:45"
"Hermann","Greenfelder","kgulgowski@example.org","2006-06-06","126.217.177.176","2020-03-22 07:28:45"
"Jerad","Rempel","camille.klocko@example.net","1995-12-20","219.33.158.66","2020-03-22 07:28:45"
"Rudy","Considine","bednar.stephen@example.org","2006-06-12","176.24.55.15","2020-03-22 07:28:45"
"Manley","Kemmer","haag.devon@example.com","1998-01-19","252.215.160.15","2020-03-22 07:28:45"
"Maximus","Zieme","muller.ivory@example.org","2002-01-20","218.115.76.45","2020-03-22 07:28:45"
"Hazle","Rippin","cortney.wisoky@example.net","2005-10-06","245.123.70.52","2020-03-22 07:28:45"
"Gladyce","Parisian","broberts@example.com","1994-04-04","15.192.153.222","2020-03-22 07:28:46"
"Daniella","Borer","rutherford.orin@example.com","2010-10-23","194.13.214.73","2020-03-22 07:28:46"
"Kelli","Hane","jake67@example.com","1997-09-29","36.50.203.139","2020-03-22 07:28:46"
"Trey","Mraz","isabelle97@example.org","2009-01-01","163.209.185.111","2020-03-22 07:28:46"
"Abigale","Torp","charley.kirlin@example.org","1991-04-12","118.222.101.66","2020-03-22 07:28:46"
"Delbert","Hoppe","ashlynn83@example.net","2005-04-06","94.66.131.217","2020-03-22 07:28:46"
"Sofia","Flatley","eloy03@example.com","2009-09-30","93.114.36.207","2020-03-22 07:28:46"
"Leanne","Stamm","hunter68@example.com","1992-03-11","142.134.251.209","2020-03-22 07:28:46"
"Carolina","Kulas","kris.josiah@example.net","1994-01-22","66.255.40.157","2020-03-22 07:28:46"
"Micah","Erdman","olga.conroy@example.com","1996-02-05","226.127.167.135","2020-03-22 07:28:46"
"Nestor","Nikolaus","spagac@example.com","2011-05-24","239.100.27.126","2020-03-22 07:28:46"
"Quentin","Hintz","eden78@example.net","2015-08-21","67.181.83.172","2020-03-22 07:28:46"
"Eva","Bednar","juana27@example.net","2001-02-28","154.162.157.0","2020-03-22 07:28:46"
"Jerrell","Littel","douglas.eichmann@example.org","2017-04-28","118.216.170.171","2020-03-22 07:28:46"
"Idell","Collier","esmith@example.org","2005-11-07","211.12.249.127","2020-03-22 07:28:46"
"Audreanne","Strosin","mason.lemke@example.com","2002-09-18","24.119.187.83","2020-03-22 07:28:46"
"Hayden","Hackett","myah.lindgren@example.com","1995-03-23","44.128.191.27","2020-03-22 07:28:46"
"Robb","Koepp","dgulgowski@example.com","2005-07-08","169.30.179.107","2020-03-22 07:28:46"
"Micah","Pfeffer","graham.alexa@example.org","2014-10-03","255.240.117.166","2020-03-22 07:28:46"
"Reymundo","Batz","jaydon.mckenzie@example.com","1990-10-25","105.249.137.5","2020-03-22 07:28:46"
"Orrin","Rogahn","tremblay.tate@example.com","2014-11-26","68.204.196.96","2020-03-22 07:28:46"
"Domenic","Purdy","mabel84@example.org","2003-06-21","84.217.3.102","2020-03-22 07:28:46"
"Dena","Blick","ularkin@example.com","1999-11-07","238.139.199.236","2020-03-22 07:28:46"
"Edwina","Koss","mclaughlin.janae@example.net","2006-02-19","135.145.218.189","2020-03-22 07:28:46"
"Eleazar","Marks","norval.vonrueden@example.org","2008-06-10","207.72.57.253","2020-03-22 07:28:46"
"Elmo","Conroy","franco.marquardt@example.org","2012-01-25","37.117.185.118","2020-03-22 07:28:46"
"Harley","Lindgren","devin64@example.org","1994-12-30","207.122.178.38","2020-03-22 07:28:46"
"Cole","Hahn","panderson@example.com","1998-06-05","57.179.8.38","2020-03-22 07:28:46"
"Jon","Maggio","brooklyn98@example.org","1997-07-17","198.205.245.57","2020-03-22 07:28:46"
"Marie","Fritsch","berge.golda@example.net","1992-04-24","90.202.171.46","2020-03-22 07:28:47"
"Wayne","Gulgowski","macy.adams@example.org","1998-05-19","8.166.108.36","2020-03-22 07:28:47"
"Dawson","Hamill","qschmidt@example.net","2001-03-11","210.12.183.108","2020-03-22 07:28:47"
"Litzy","Volkman","ziemann.una@example.net","1994-09-05","52.197.113.135","2020-03-22 07:28:47"
"Bethany","Schulist","ida93@example.org","2004-07-27","103.61.50.37","2020-03-22 07:28:47"
"Luciano","Roberts","kallie33@example.net","2008-09-21","113.20.133.230","2020-03-22 07:28:47"
"Neil","Nader","hharris@example.net","2019-06-21","224.94.213.74","2020-03-22 07:28:47"
"Nick","Watsica","erunolfsdottir@example.org","2007-07-15","247.180.212.50","2020-03-22 07:28:47"
"Leora","Larkin","mackenzie.langworth@example.org","2003-05-24","129.5.15.213","2020-03-22 07:28:47"
"Leta","Nienow","ritchie.eldred@example.com","2015-07-19","239.244.40.160","2020-03-22 07:28:47"
"Cletus","Johnston","connelly.tyra@example.com","2011-04-23","157.113.27.27","2020-03-22 07:28:47"
"Nelle","Schroeder","hosea33@example.org","2015-06-12","202.158.193.170","2020-03-22 07:28:47"
"Madalyn","Bashirian","wlind@example.org","2012-12-07","20.11.165.108","2020-03-22 07:28:47"
"Davon","Schmitt","cronin.blaze@example.net","1993-09-12","38.252.13.27","2020-03-22 07:28:47"
"Theodora","Macejkovic","peggie14@example.com","2016-06-07","217.129.37.63","2020-03-22 07:28:47"
"Erich","Volkman","willow62@example.com","2000-09-15","16.190.200.207","2020-03-22 07:28:47"
"Jamel","Bailey","williamson.emilie@example.org","2010-03-10","190.37.114.39","2020-03-22 07:28:47"
"Amina","Koelpin","linda54@example.org","2015-11-18","16.90.116.129","2020-03-22 07:28:47"
"Lucie","Kovacek","jenkins.mohammad@example.net","1994-05-11","215.247.202.70","2020-03-22 07:28:47"
"Shayne","Boyer","lockman.laurianne@example.org","2011-06-25","128.115.101.49","2020-03-22 07:28:47"
"Modesta","Cormier","bmann@example.com","2004-06-04","115.94.33.158","2020-03-22 07:28:47"
"Reginald","Emard","jhudson@example.com","2005-06-25","31.25.137.235","2020-03-22 07:28:47"
"Mandy","Maggio","fisher.jodie@example.net","2015-07-26","243.45.48.177","2020-03-22 07:28:47"
"Louisa","Kozey","wcorkery@example.org","1996-03-01","54.177.246.178","2020-03-22 07:28:47"
"Thad","Marks","marvin.dillan@example.net","1990-04-23","186.208.118.28","2020-03-22 07:28:47"
"Matt","Harvey","mschuppe@example.org","2007-03-03","211.15.2.78","2020-03-22 07:28:47"
"Bill","Mayert","orn.noemie@example.com","2001-06-27","68.116.34.80","2020-03-22 07:28:47"
"Leola","Kub","clemens46@example.org","2006-11-24","203.123.116.78","2020-03-22 07:28:47"
"Arvid","Sawayn","lennie.walter@example.net","1993-01-02","145.224.154.159","2020-03-22 07:28:48"
"Grady","Bashirian","lucienne60@example.com","2003-02-27","253.6.146.188","2020-03-22 07:28:48"
"Chesley","Homenick","hsauer@example.org","2020-01-13","24.44.235.252","2020-03-22 07:28:48"
"Lindsay","Heidenreich","ghalvorson@example.net","2004-01-10","131.181.183.207","2020-03-22 07:28:48"
"Ellsworth","Weber","archibald48@example.org","1994-10-06","67.119.205.225","2020-03-22 07:28:48"
"Christelle","Lubowitz","handerson@example.com","2017-03-22","74.185.8.53","2020-03-22 07:28:48"
"Jamel","Wintheiser","arden30@example.com","2001-10-08","246.79.123.20","2020-03-22 07:28:48"
"Loma","King","merlin71@example.org","1994-11-21","64.30.154.54","2020-03-22 07:28:48"
"Elyssa","Glover","jacey.wyman@example.org","2017-09-26","87.74.145.56","2020-03-22 07:28:48"
"Alivia","Marvin","magnus77@example.com","2019-03-02","44.206.24.190","2020-03-22 07:28:48"
"Rocio","Leffler","bernier.cydney@example.com","2013-11-14","150.152.128.160","2020-03-22 07:28:48"
"Jeramy","Eichmann","yheaney@example.org","2006-04-23","196.87.10.82","2020-03-22 07:28:48"
"Berry","Hettinger","hickle.charity@example.com","2003-03-04","186.190.22.92","2020-03-22 07:28:48"
"Eliane","Davis","magnus.kshlerin@example.net","2017-08-15","25.69.66.107","2020-03-22 07:28:48"
"Caitlyn","Franecki","drodriguez@example.com","2006-07-29","16.135.253.135","2020-03-22 07:28:48"
"Pete","Russel","deshawn94@example.org","2001-12-12","188.140.185.163","2020-03-22 07:28:48"
"Daniela","Swaniawski","wgreenfelder@example.com","2003-05-05","237.30.191.215","2020-03-22 07:28:48"
"Ona","Klocko","kshields@example.org","2006-02-01","81.162.163.55","2020-03-22 07:28:48"
"Millie","Armstrong","roger85@example.net","2003-05-05","181.234.163.137","2020-03-22 07:28:48"
"Helga","Jacobi","ubayer@example.net","2013-12-15","157.140.57.215","2020-03-22 07:28:48"
"Elsie","Deckow","murphy.toney@example.com","2013-05-15","211.166.139.139","2020-03-22 07:28:48"
"Shania","Daniel","berge.eva@example.net","2018-07-27","244.132.146.61","2020-03-22 07:28:48"
"Russel","Zulauf","wolf.royal@example.net","1999-10-04","190.219.102.175","2020-03-22 07:28:48"
"Susan","Hammes","beatrice79@example.net","2006-09-17","65.51.109.194","2020-03-22 07:28:48"
"Zachary","Ward","hickle.yesenia@example.net","1994-03-17","99.109.128.223","2020-03-22 07:28:48"
"Kristopher","Erdman","ghegmann@example.com","2009-12-05","209.0.165.81","2020-03-22 07:28:48"
"Russel","Rath","turner.madison@example.com","1991-02-16","9.177.158.165","2020-03-22 07:28:49"
"Lonie","Schimmel","brenna.haag@example.net","1993-09-12","69.68.33.185","2020-03-22 07:28:49"
"Burdette","Waters","monserrat15@example.org","2017-05-12","208.42.201.112","2020-03-22 07:28:49"
"Ariane","Kerluke","vincenza14@example.net","2017-10-17","150.115.18.218","2020-03-22 07:28:49"
"Jovanny","Labadie","hackett.elvera@example.com","2009-06-04","213.191.35.20","2020-03-22 07:28:49"
"Leanne","Skiles","cronin.erich@example.org","2014-01-26","53.31.162.119","2020-03-22 07:28:49"
"Cory","Aufderhar","augustus22@example.org","1991-07-30","185.55.86.168","2020-03-22 07:28:49"
"Dianna","Kulas","pmclaughlin@example.org","1992-05-09","141.64.207.84","2020-03-22 07:28:49"
"Ole","Muller","doyle.weldon@example.org","2019-09-11","225.150.180.233","2020-03-22 07:28:49"
"Judd","Jakubowski","muller.boyd@example.org","2015-12-29","199.11.74.194","2020-03-22 07:28:49"
"Shyann","Berge","hills.rossie@example.org","1992-12-19","141.217.229.22","2020-03-22 07:28:49"
"Douglas","Runolfsdottir","qmoore@example.net","1998-10-30","6.119.197.42","2020-03-22 07:28:49"
"Grayce","Flatley","damion55@example.com","1994-11-09","73.248.144.64","2020-03-22 07:28:49"
"Tabitha","Predovic","wehner.pearlie@example.com","2007-12-12","123.81.20.187","2020-03-22 07:28:49"
"Enrique","Bayer","ryley28@example.com","1990-06-12","247.170.40.215","2020-03-22 07:28:49"
"Mylene","Schamberger","qboehm@example.com","2005-11-18","48.253.149.86","2020-03-22 07:28:49"
"Wilfrid","Wolf","okeefe.glenda@example.com","1995-07-12","136.123.159.16","2020-03-22 07:28:49"
"Lelah","Deckow","kenton82@example.com","1992-01-15","191.17.185.217","2020-03-22 07:28:49"
"Rosie","Heller","linda.bahringer@example.net","2005-05-02","42.186.18.227","2020-03-22 07:28:49"
"Shaniya","Hettinger","arden13@example.net","2010-11-03","178.75.111.195","2020-03-22 07:28:49"
"Durward","Pagac","lauriane49@example.net","2002-01-18","52.221.242.27","2020-03-22 07:28:49"
"Ronny","Russel","harvey26@example.net","2012-10-02","46.22.171.48","2020-03-22 07:28:49"
"Althea","Skiles","dmohr@example.org","1991-07-02","191.27.184.23","2020-03-22 07:28:49"
"Jedidiah","Lowe","raegan.wolff@example.org","2005-06-13","121.115.241.47","2020-03-22 07:28:49"
"Edmund","Hickle","dennis13@example.com","2000-02-21","92.153.164.153","2020-03-22 07:28:49"
"Perry","Bartoletti","ziemann.lisandro@example.net","2014-09-26","214.74.245.223","2020-03-22 07:28:50"
"Rowland","West","rossie.kub@example.com","2012-01-17","153.226.100.76","2020-03-22 07:28:50"
"Clifton","Wilkinson","harvey42@example.com","2004-03-13","50.197.58.18","2020-03-22 07:28:50"
"Euna","Schneider","caleb22@example.net","2007-07-28","209.233.0.180","2020-03-22 07:28:50"
"Tess","Wisozk","darion16@example.com","2012-10-31","145.105.49.106","2020-03-22 07:28:50"
"Tatyana","Feil","madalyn.reichert@example.net","1995-07-26","133.19.168.59","2020-03-22 07:28:50"
"Carson","Jenkins","lueilwitz.ewald@example.com","2000-05-17","180.205.195.238","2020-03-22 07:28:50"
"Tara","Kreiger","xroberts@example.com","2000-02-10","205.84.142.216","2020-03-22 07:28:50"
"Elisabeth","Fahey","mitchell.emilie@example.org","2017-08-27","224.47.118.158","2020-03-22 07:28:50"
"Jackeline","Wolff","ckuhic@example.org","2008-06-11","23.155.215.153","2020-03-22 07:28:50"
"Waylon","Nitzsche","stanford76@example.com","1993-10-06","55.127.55.130","2020-03-22 07:28:50"
"Kennedi","Walker","keagan07@example.org","2006-01-14","191.138.0.44","2020-03-22 07:28:50"
"Brody","Bogan","hbruen@example.org","2002-12-10","59.51.215.135","2020-03-22 07:28:50"
"Thurman","Auer","dexter48@example.org","2003-10-29","99.135.67.72","2020-03-22 07:28:50"
"Alysha","Sawayn","towne.nelle@example.net","2010-08-18","91.102.99.104","2020-03-22 07:28:50"
"Megane","Stokes","macie26@example.org","2007-04-29","78.81.104.239","2020-03-22 07:28:50"
"Elvis","Wehner","schiller.doug@example.org","2011-05-22","63.19.10.21","2020-03-22 07:28:50"
"Allie","Gleichner","botsford.dorian@example.net","2019-03-26","19.69.147.188","2020-03-22 07:28:50"
"Kaci","Luettgen","ggibson@example.com","2000-06-05","171.79.229.30","2020-03-22 07:28:50"
"Reilly","Nicolas","johnston.una@example.net","2003-11-17","14.24.199.91","2020-03-22 07:28:50"
"Raoul","Mertz","boyle.marge@example.org","2006-03-01","227.7.172.103","2020-03-22 07:28:50"
"Keon","Schultz","weissnat.chester@example.com","2010-05-04","137.152.197.115","2020-03-22 07:28:50"
"Stefan","Crooks","mschuppe@example.com","2014-02-03","155.72.184.136","2020-03-22 07:28:50"
"Maxime","Mosciski","medhurst.yessenia@example.com","2007-01-25","120.58.239.192","2020-03-22 07:28:50"
"Clair","Senger","marcus.rodriguez@example.com","2018-12-02","119.141.247.105","2020-03-22 07:28:50"
"Tanner","Hane","kayley62@example.com","1995-07-07","70.251.110.62","2020-03-22 07:28:50"
"Verner","Fritsch","michele06@example.com","2001-02-06","173.244.84.2","2020-03-22 07:28:50"
"Alvah","Ledner","lamar.walker@example.org","2013-05-27","111.59.136.104","2020-03-22 07:28:50"
"Mohamed","Runolfsson","sskiles@example.net","2016-11-13","91.146.123.160","2020-03-22 07:28:50"
"Tania","Dietrich","jordyn.flatley@example.net","2011-06-02","247.85.191.240","2020-03-22 07:28:50"
"Webster","Hayes","lorenzo14@example.com","2006-08-10","206.43.228.240","2020-03-22 07:28:51"
"Kevon","Hartmann","schiller.eva@example.com","2004-12-15","204.247.167.59","2020-03-22 07:28:51"
"Isaac","Ziemann","bradtke.jaquelin@example.net","1994-01-02","230.119.74.130","2020-03-22 07:28:51"
"Rocky","Kuphal","vivian73@example.org","2010-05-08","170.233.40.233","2020-03-22 07:28:51"
"Lelah","Greenholt","giles13@example.net","2008-04-24","220.67.31.191","2020-03-22 07:28:51"
"Asha","Schaefer","wyman.porter@example.org","2006-11-26","225.161.145.197","2020-03-22 07:28:51"
"Veronica","Lueilwitz","okohler@example.org","1991-06-17","215.150.23.78","2020-03-22 07:28:51"
"Garret","Romaguera","louie.jacobi@example.net","2003-08-04","212.237.144.245","2020-03-22 07:28:51"
"Antonietta","Bernier","benjamin.donnelly@example.net","1991-02-06","126.13.227.227","2020-03-22 07:28:51"
"Isadore","Beer","pfeffer.brendon@example.org","2000-05-17","81.248.184.232","2020-03-22 07:28:51"
"Lexie","Marks","jacobi.myriam@example.net","2016-05-14","158.161.60.52","2020-03-22 07:28:51"
"Deshawn","Bergnaum","eliseo.hansen@example.com","2011-07-21","252.215.31.240","2020-03-22 07:28:51"
"Jewel","Bradtke","ybartoletti@example.net","2015-12-24","50.106.1.129","2020-03-22 07:28:51"
"Reid","King","garfield29@example.net","2020-01-28","24.217.199.16","2020-03-22 07:28:51"
"Lillie","Hane","tate.marks@example.net","2014-06-30","17.234.168.235","2020-03-22 07:28:51"
"Roberto","Franecki","schultz.domenick@example.net","2014-08-31","242.170.229.88","2020-03-22 07:28:51"
"Frederic","Legros","fred46@example.com","2019-02-14","80.145.28.236","2020-03-22 07:28:51"
"Roosevelt","Mertz","dschimmel@example.com","2007-12-04","80.118.62.253","2020-03-22 07:28:51"
"Ella","Weissnat","tania18@example.com","2008-08-27","112.84.77.218","2020-03-22 07:28:51"
"Bennie","Batz","padberg.jake@example.net","2016-06-10","76.5.126.57","2020-03-22 07:28:51"
"Patience","Kilback","zoe.mcglynn@example.net","2016-11-29","73.216.58.17","2020-03-22 07:28:51"
"Alicia","Kshlerin","xavier.brown@example.org","2012-12-20","92.181.54.219","2020-03-22 07:28:51"
"Ariel","Lang","jones.ida@example.net","1996-05-10","37.56.224.220","2020-03-22 07:28:51"
"Marge","Haley","braulio.bode@example.com","2009-12-30","54.93.180.53","2020-03-22 07:28:51"
"Lilly","Tillman","bria.denesik@example.com","2020-01-18","206.247.242.242","2020-03-22 07:28:51"
"Katelyn","Heathcote","bradly68@example.org","1990-05-19","195.244.85.210","2020-03-22 07:28:51"
"Dereck","Denesik","sunny39@example.org","2016-12-29","86.209.134.22","2020-03-22 07:28:51"
"Anne","Ankunding","kay.strosin@example.net","1999-03-06","157.214.220.52","2020-03-22 07:28:51"
"Bernie","Cassin","fdietrich@example.org","1995-05-08","12.1.104.75","2020-03-22 07:28:52"
"Berta","Leuschke","ruth.treutel@example.net","1991-03-09","249.159.0.186","2020-03-22 07:28:52"
"Providenci","Huel","karlie.hirthe@example.net","2002-11-23","92.167.175.210","2020-03-22 07:28:52"
"Kelly","Runolfsson","ifahey@example.com","2000-04-25","87.127.177.123","2020-03-22 07:28:52"
"Demario","Bauch","mlabadie@example.net","1990-06-21","40.208.246.183","2020-03-22 07:28:52"
"Zander","Goldner","darrick.boyle@example.org","2016-07-17","167.101.145.99","2020-03-22 07:28:52"
"Efren","Sauer","markus.turcotte@example.net","2009-05-03","4.56.152.66","2020-03-22 07:28:52"
"Remington","Considine","bogan.alexandrea@example.net","2014-01-11","48.134.18.127","2020-03-22 07:28:52"
"Della","Eichmann","ogrant@example.org","1990-07-29","172.68.83.134","2020-03-22 07:28:52"
"Fannie","Dickinson","darian30@example.net","1995-05-30","104.186.158.196","2020-03-22 07:28:52"
"Ayden","Kub","ojacobson@example.net","2003-05-26","38.38.185.160","2020-03-22 07:28:52"
"Alysa","Bosco","rita.haley@example.org","2013-04-30","12.115.213.180","2020-03-22 07:28:52"
"Hassan","Bailey","ryan.floy@example.net","1993-10-14","113.193.173.148","2020-03-22 07:28:52"
"Rasheed","Orn","isobel.wisozk@example.com","1991-06-16","163.8.45.17","2020-03-22 07:28:52"
"Brook","Fritsch","freeda88@example.com","2011-12-15","73.54.252.232","2020-03-22 07:28:52"
"Kennedi","Ziemann","kaylie.lueilwitz@example.net","2017-11-08","190.40.33.21","2020-03-22 07:28:52"
"Domingo","Lockman","ellsworth.hackett@example.net","2013-10-02","13.220.199.14","2020-03-22 07:28:52"
"Toney","Veum","alvina.yost@example.org","1992-08-12","78.101.16.175","2020-03-22 07:28:52"
"Nelle","Olson","zechariah.stoltenberg@example.net","1990-10-06","128.254.242.148","2020-03-22 07:28:52"
"Ronny","Brown","naomi06@example.net","2004-09-18","49.132.126.235","2020-03-22 07:28:52"
"Barry","Boehm","ziemann.bianka@example.org","2009-01-05","103.160.173.115","2020-03-22 07:28:52"
"Anne","Bednar","werdman@example.net","2018-07-14","84.175.50.121","2020-03-22 07:28:52"
"Isaiah","Yost","uhuel@example.org","2018-12-02","71.206.44.89","2020-03-22 07:28:52"
"Sigrid","Lowe","marshall24@example.org","1992-02-04","25.177.46.81","2020-03-22 07:28:52"
"Earnest","Flatley","zdickinson@example.com","1990-10-27","69.99.222.218","2020-03-22 07:28:52"
"Jacquelyn","Reinger","quinn83@example.org","1990-02-28","76.167.80.161","2020-03-22 07:28:52"
"April","Boyle","heather01@example.org","2011-12-10","199.26.98.125","2020-03-22 07:28:52"
"Kamryn","Krajcik","romaguera.amaya@example.com","2002-12-27","87.143.175.49","2020-03-22 07:28:52"
"Hope","Glover","taya80@example.org","2002-07-02","107.173.111.255","2020-03-22 07:28:52"
"Janae","Ledner","fermin82@example.com","2018-04-06","195.17.72.141","2020-03-22 07:28:52"
"Jaqueline","Tillman","heaven.jakubowski@example.net","1993-05-31","37.241.61.188","2020-03-22 07:28:53"
"Jakayla","Jerde","botsford.forest@example.net","2020-03-03","188.114.30.195","2020-03-22 07:28:53"
"Joel","Hermann","gislason.cecelia@example.org","1998-08-20","113.180.211.120","2020-03-22 07:28:53"
"Chandler","Trantow","walker.rhiannon@example.com","1997-03-30","156.56.194.251","2020-03-22 07:28:53"
"Hillard","Legros","jaskolski.marianna@example.net","2004-07-04","246.97.6.204","2020-03-22 07:28:53"
"Hans","Runolfsdottir","powlowski.angela@example.net","1997-08-11","209.205.160.213","2020-03-22 07:28:53"
"Janie","Kozey","xgoodwin@example.net","2005-04-08","167.44.39.144","2020-03-22 07:28:53"
"Gilbert","Bartoletti","kutch.mina@example.net","2006-07-31","219.172.208.167","2020-03-22 07:28:53"
"Jaiden","Kautzer","jones.danika@example.org","2012-04-29","24.109.2.208","2020-03-22 07:28:53"
"Payton","Wolf","whitney89@example.net","2007-01-18","32.36.7.48","2020-03-22 07:28:53"
"Bud","Hand","doyle.cali@example.com","1994-09-13","189.69.188.150","2020-03-22 07:28:53"
"Jayden","King","trey68@example.net","2018-03-14","174.185.149.48","2020-03-22 07:28:53"
"Leland","Mills","klebsack@example.net","2012-04-23","88.136.14.4","2020-03-22 07:28:53"
"Patsy","Braun","lakin.shaun@example.net","2019-10-28","61.203.238.90","2020-03-22 07:28:53"
"Creola","Daniel","stanton.stamm@example.org","2014-10-27","189.97.158.230","2020-03-22 07:28:53"
"Sherwood","Reilly","terrence10@example.org","2016-11-09","162.63.91.23","2020-03-22 07:28:53"
"Albertha","Kertzmann","donald.zboncak@example.net","1996-06-05","157.89.13.210","2020-03-22 07:28:53"
"Norberto","Gaylord","vaughn.grady@example.org","1992-11-17","126.145.194.120","2020-03-22 07:28:53"
"Carmen","Wolf","brent20@example.org","1998-11-25","204.214.224.30","2020-03-22 07:28:53"
"Edward","Haley","hills.jamil@example.org","1992-05-11","247.232.58.40","2020-03-22 07:28:53"
"Casimir","Pollich","gstoltenberg@example.org","2001-04-21","79.11.183.152","2020-03-22 07:28:53"
"Golda","Nolan","emard.dean@example.net","2007-03-04","54.11.174.226","2020-03-22 07:28:53"
"Imogene","Jacobson","alessia56@example.com","2014-08-15","89.242.221.159","2020-03-22 07:28:53"
"Bart","Hintz","nkuvalis@example.org","2000-05-17","91.69.192.75","2020-03-22 07:28:53"
"Florine","Heller","boris19@example.org","2000-12-17","161.228.15.152","2020-03-22 07:28:53"
"Josue","Krajcik","delfina.hackett@example.com","2016-04-16","179.26.155.102","2020-03-22 07:28:53"
"Dustin","Zemlak","gbradtke@example.com","2005-10-13","200.67.5.94","2020-03-22 07:28:54"
"Zackary","Gerhold","mohr.valentina@example.org","2005-07-31","244.128.104.157","2020-03-22 07:28:54"
"Eva","Medhurst","damore.emerson@example.net","2003-04-11","200.18.183.190","2020-03-22 07:28:54"
"Kamron","Marvin","blick.jay@example.com","2018-05-12","119.216.171.124","2020-03-22 07:28:54"
"Mireille","Ritchie","pdickens@example.net","1993-09-13","252.0.255.253","2020-03-22 07:28:54"
"Jasen","Lueilwitz","marquise.bins@example.org","1993-11-26","9.104.245.59","2020-03-22 07:28:54"
"Meredith","Gorczany","lizzie62@example.net","2015-03-14","243.250.123.140","2020-03-22 07:28:54"
"Patience","Welch","jnitzsche@example.net","2000-12-13","98.246.224.212","2020-03-22 07:28:54"
"Lonnie","Keeling","nienow.travon@example.net","2007-05-23","239.28.129.116","2020-03-22 07:28:54"
"Ebba","Heller","micheal88@example.com","2007-02-02","66.184.7.107","2020-03-22 07:28:54"
"Bertram","Tromp","shannon36@example.org","2000-09-15","213.73.2.31","2020-03-22 07:28:54"
"Norwood","Abbott","donnie76@example.net","1991-08-09","183.38.8.32","2020-03-22 07:28:54"
"Leola","Hansen","kgottlieb@example.org","1991-02-15","136.117.190.84","2020-03-22 07:28:54"
"Mathias","Nicolas","hhammes@example.net","1998-04-29","134.47.212.3","2020-03-22 07:28:54"
"Era","Adams","luz51@example.org","2003-05-08","252.142.57.180","2020-03-22 07:28:54"
"Dale","Stanton","newell65@example.org","1995-01-27","87.159.202.1","2020-03-22 07:28:54"
"Samir","Murphy","sylvan.jast@example.net","2000-10-25","243.134.213.7","2020-03-22 07:28:54"
"Leonie","Bartoletti","andres12@example.org","2000-05-12","210.236.185.163","2020-03-22 07:28:54"
"Maybell","Ruecker","usawayn@example.net","2013-02-15","243.97.252.239","2020-03-22 07:28:54"
"Delaney","Huel","kristofer.treutel@example.org","2013-06-25","38.55.84.93","2020-03-22 07:28:54"
"Danielle","Kilback","maryjane.balistreri@example.com","2005-06-15","179.190.27.34","2020-03-22 07:28:54"
"Darwin","Stroman","ali.jones@example.org","2007-05-15","159.29.91.170","2020-03-22 07:28:54"
"Sarina","Schuster","fmurazik@example.net","2012-09-24","76.177.81.54","2020-03-22 07:28:54"
"Johnpaul","Sipes","werner67@example.net","1990-03-01","68.240.52.152","2020-03-22 07:28:54"
"Jalen","Turner","earline94@example.net","2001-06-17","116.118.245.97","2020-03-22 07:28:54"
"Frederik","Haag","lavon94@example.net","1994-10-05","174.187.53.53","2020-03-22 07:28:54"
"Stephen","Stark","oframi@example.com","2005-02-06","51.202.177.123","2020-03-22 07:28:55"
"Ellie","O'Hara","mkiehn@example.org","2015-01-13","245.183.132.106","2020-03-22 07:28:55"
"Aditya","Runolfsdottir","soledad.gibson@example.com","2011-05-29","118.84.214.19","2020-03-22 07:28:55"
"Camille","Terry","flavio.hane@example.org","2001-11-24","151.102.136.82","2020-03-22 07:28:55"
"Hermina","Olson","cameron35@example.org","2009-01-01","241.60.100.130","2020-03-22 07:28:55"
"Keyshawn","Rodriguez","muller.harrison@example.com","1992-02-17","214.176.163.126","2020-03-22 07:28:55"
"Cordell","Kub","lavinia.feil@example.com","2015-12-15","240.188.82.30","2020-03-22 07:28:55"
"Alta","Donnelly","vito.kozey@example.org","1995-06-08","30.156.173.166","2020-03-22 07:28:55"
"Jerome","McLaughlin","aryanna.schimmel@example.com","2016-08-21","141.220.182.243","2020-03-22 07:28:55"
"Valentin","Reichert","jairo92@example.net","2017-06-24","122.247.58.239","2020-03-22 07:28:55"
"Maddison","Trantow","jaron54@example.org","2002-06-16","44.152.51.132","2020-03-22 07:28:55"
"Andreane","Heller","vito.cartwright@example.org","2011-06-29","156.238.136.201","2020-03-22 07:28:55"
"Santino","Weissnat","schinner.leopold@example.com","2000-12-10","134.194.229.9","2020-03-22 07:28:55"
"Alexa","Kuphal","afton79@example.com","1994-01-29","231.134.111.195","2020-03-22 07:28:55"
"Morgan","Kemmer","llueilwitz@example.org","1996-04-16","66.18.1.234","2020-03-22 07:28:55"
"Hermann","Breitenberg","cali.kub@example.org","2008-12-16","173.91.213.103","2020-03-22 07:28:55"
"Theron","Kilback","galtenwerth@example.net","2015-05-29","58.39.172.229","2020-03-22 07:28:55"
"Ayla","Morissette","zlabadie@example.net","2014-10-18","60.139.183.160","2020-03-22 07:28:55"
"Daron","Weber","gaetano21@example.org","2001-10-31","129.106.85.117","2020-03-22 07:28:55"
"Valentin","Kerluke","craig42@example.org","1994-06-16","175.44.211.212","2020-03-22 07:28:55"
"Judy","Quigley","will.jaeden@example.net","2019-12-15","251.62.178.5","2020-03-22 07:28:55"
"Lorenzo","Wiza","maudie.stanton@example.org","1999-05-10","171.69.16.153","2020-03-22 07:28:55"
"Lauryn","Frami","emayert@example.org","2019-07-24","57.37.206.170","2020-03-22 07:28:55"
"Leonie","Nicolas","wintheiser.katherine@example.net","2011-03-29","120.101.7.49","2020-03-22 07:28:55"
"Joey","Cummings","westley.reinger@example.net","2010-05-02","155.113.6.198","2020-03-22 07:28:55"
"Rubie","Bayer","nyah.harber@example.net","2008-07-16","102.88.230.7","2020-03-22 07:28:55"
"Kamille","Wunsch","hammes.stefan@example.com","2018-10-16","127.224.202.163","2020-03-22 07:28:55"
"Lavada","Zemlak","vonrueden.celia@example.net","2000-01-17","122.200.141.129","2020-03-22 07:28:55"
"Kiley","Beahan","klocko.sylvester@example.net","1997-12-11","100.17.125.136","2020-03-22 07:28:56"
"Mandy","Spencer","althea.stehr@example.org","2004-09-24","47.91.242.58","2020-03-22 07:28:56"
"Sadie","Mohr","torp.jamil@example.com","2007-10-26","57.159.75.12","2020-03-22 07:28:56"
"Kaycee","Bailey","konopelski.daren@example.org","1998-09-16","125.149.195.197","2020-03-22 07:28:56"
"Ford","Boehm","emelia.moen@example.org","2016-01-29","79.128.92.226","2020-03-22 07:28:56"
"Willie","Jerde","marcia32@example.org","1992-09-19","192.204.70.131","2020-03-22 07:28:56"
"Isabell","Maggio","rosenbaum.hilda@example.org","1996-04-14","220.6.156.207","2020-03-22 07:28:56"
"Maurice","Bruen","alfredo19@example.com","2006-05-05","48.3.104.222","2020-03-22 07:28:56"
"Hertha","Macejkovic","dulce.vonrueden@example.org","1990-05-30","29.182.63.190","2020-03-22 07:28:56"
"Leone","Sporer","brau@example.com","2015-07-24","187.29.183.113","2020-03-22 07:28:56"
"Jamison","Emmerich","cielo.rolfson@example.net","2001-06-12","130.22.39.239","2020-03-22 07:28:56"
"Cecil","Buckridge","wpouros@example.net","2000-06-04","234.125.22.113","2020-03-22 07:28:56"
"Joanie","Flatley","buckridge.wilmer@example.net","1997-06-27","188.206.87.24","2020-03-22 07:28:56"
"Perry","Farrell","legros.catalina@example.org","2014-11-30","172.12.228.236","2020-03-22 07:28:56"
"Tanya","Kohler","gmorissette@example.com","1996-02-09","93.84.6.138","2020-03-22 07:28:56"
"Reggie","Towne","fziemann@example.net","2010-01-21","138.87.9.187","2020-03-22 07:28:56"
"Toby","Mohr","hettinger.brando@example.net","1990-08-22","116.96.55.153","2020-03-22 07:28:56"
"Tod","Lockman","wilford73@example.org","2004-07-22","75.160.40.108","2020-03-22 07:28:56"
"Alexzander","Abbott","gschaefer@example.org","1990-07-28","102.239.97.224","2020-03-22 07:28:56"
"Iliana","Deckow","elvie.wiza@example.com","1991-02-20","49.37.64.47","2020-03-22 07:28:56"
"Camilla","Gutkowski","idare@example.com","2013-12-11","98.68.88.18","2020-03-22 07:28:56"
"Fletcher","Johns","fhegmann@example.org","2015-01-25","193.128.45.24","2020-03-22 07:28:56"
"Jannie","Bergstrom","gerlach.victoria@example.com","1999-11-22","193.239.240.0","2020-03-22 07:28:56"
"Maverick","O'Conner","orn.kaitlin@example.org","2020-02-10","243.233.230.9","2020-03-22 07:28:56"
"Maximillian","Shanahan","pfeffer.louisa@example.net","1997-03-04","90.28.42.99","2020-03-22 07:28:56"
"Unique","Gottlieb","hilpert.lesley@example.org","1995-04-04","8.204.240.13","2020-03-22 07:28:56"
"Lela","Konopelski","stephon25@example.com","2016-09-02","173.196.51.85","2020-03-22 07:28:57"
"Eleazar","Lang","krystina62@example.com","2016-08-12","124.144.204.136","2020-03-22 07:28:57"
"Jedidiah","Schmidt","dstehr@example.org","2020-02-02","248.139.125.87","2020-03-22 07:28:57"
"Kris","Medhurst","alec.moen@example.com","2012-06-01","230.12.191.42","2020-03-22 07:28:57"
"Althea","Schmidt","ottis.corwin@example.net","1999-08-08","51.131.182.177","2020-03-22 07:28:57"
"Michele","Friesen","gheidenreich@example.net","2010-10-04","17.131.179.91","2020-03-22 07:28:57"
"Magali","Prohaska","juliet57@example.net","2008-08-20","181.160.178.182","2020-03-22 07:28:57"
"Isaiah","Mills","qgoodwin@example.com","2007-12-15","132.95.135.23","2020-03-22 07:28:57"
"Gerard","Witting","brekke.lexi@example.com","2015-06-28","133.73.100.67","2020-03-22 07:28:57"
"Candido","Prohaska","wjaskolski@example.org","2006-09-05","81.161.238.92","2020-03-22 07:28:57"
"Zechariah","Rath","mitchell.carlo@example.com","2018-02-05","37.249.168.106","2020-03-22 07:28:57"
"Micaela","Gulgowski","rolfson.london@example.net","1997-12-19","239.42.116.7","2020-03-22 07:28:57"
"Roscoe","Barton","ozella.smitham@example.com","1994-10-18","91.67.162.58","2020-03-22 07:28:57"
"Alexie","Harvey","mattie28@example.net","1991-01-29","41.180.107.112","2020-03-22 07:28:57"
"Norris","Kuphal","jast.bradford@example.net","1994-11-28","141.36.130.59","2020-03-22 07:28:57"
"Garnett","Champlin","daugherty.alta@example.net","2016-02-09","233.54.229.144","2020-03-22 07:28:57"
"Barbara","Corwin","palma.corwin@example.org","2009-09-17","105.152.164.77","2020-03-22 07:28:57"
"Deontae","Heller","franco.ruecker@example.com","2007-10-08","132.167.131.125","2020-03-22 07:28:57"
"Rosendo","Volkman","kwiza@example.net","2012-03-15","126.138.244.217","2020-03-22 07:28:57"
"Shania","Mitchell","marquardt.kathryne@example.net","2016-06-30","49.199.209.213","2020-03-22 07:28:57"
"Sandrine","Towne","wolff.isabell@example.net","2012-11-07","141.210.130.89","2020-03-22 07:28:57"
"Vanessa","Abernathy","gust.treutel@example.com","2012-08-06","12.19.71.110","2020-03-22 07:28:57"
"Bernadette","Heller","xshields@example.org","2004-01-18","196.178.249.36","2020-03-22 07:28:57"
"Lacey","Hackett","louisa84@example.org","2013-07-16","100.109.60.117","2020-03-22 07:28:57"
"Shyann","Sporer","astrid.moen@example.org","2017-06-09","205.192.45.129","2020-03-22 07:28:58"
"Emmanuel","Brekke","quitzon.rosamond@example.net","2003-02-04","73.174.26.68","2020-03-22 07:28:58"
"Enos","Mraz","herman.melyna@example.com","1996-01-06","77.69.43.141","2020-03-22 07:28:58"
"Kenton","Kiehn","percy10@example.net","2011-05-28","184.66.109.232","2020-03-22 07:28:58"
"Hellen","O'Kon","cordie67@example.com","2014-09-10","94.6.250.242","2020-03-22 07:28:58"
"Nathan","Price","vaughn.shields@example.com","2006-04-26","3.106.200.171","2020-03-22 07:28:58"
"Donna","Crist","archibald30@example.net","2004-05-12","86.37.16.218","2020-03-22 07:28:58"
"Johann","Lynch","zcrona@example.net","2005-06-09","195.46.57.59","2020-03-22 07:28:58"
"Sibyl","Terry","erice@example.net","2006-09-02","144.93.227.33","2020-03-22 07:28:58"
"Gustave","Connelly","kip86@example.org","2015-06-27","158.137.84.34","2020-03-22 07:28:58"
"Wendy","Rohan","bwehner@example.org","1996-09-17","183.11.62.144","2020-03-22 07:28:58"
"Gayle","Douglas","sauer.baron@example.org","2004-06-29","253.13.5.208","2020-03-22 07:28:58"
"Daren","Fahey","bbartell@example.net","2019-05-16","171.98.19.39","2020-03-22 07:28:58"
"Americo","Becker","mafalda.schultz@example.com","2010-02-16","191.205.124.74","2020-03-22 07:28:58"
"Shanie","Schimmel","nyasia.abbott@example.org","2014-11-23","176.135.89.190","2020-03-22 07:28:58"
"Ella","Swaniawski","fortiz@example.com","2005-03-25","39.34.222.45","2020-03-22 07:28:58"
"Joyce","Hudson","fskiles@example.com","2008-02-15","250.56.143.220","2020-03-22 07:28:58"
"Tiara","Hermiston","herta84@example.com","2000-05-10","197.237.246.105","2020-03-22 07:28:58"
"Chelsea","Balistreri","ymcdermott@example.com","2017-05-05","150.152.218.141","2020-03-22 07:28:58"
"Barry","McKenzie","vkeeling@example.com","2019-09-06","57.133.208.177","2020-03-22 07:28:58"
"Amelia","Haag","noe.nitzsche@example.net","2015-12-03","183.94.0.188","2020-03-22 07:28:58"
"Lelia","Mueller","rrutherford@example.org","2001-07-29","32.148.191.250","2020-03-22 07:28:58"
"Marcellus","Collins","lea20@example.org","1995-08-11","117.237.52.156","2020-03-22 07:28:59"
"Chris","Stroman","gerda.jaskolski@example.net","2007-03-14","236.6.228.112","2020-03-22 07:28:59"
"Carolanne","Rempel","leffler.hilton@example.org","1995-06-19","105.93.145.95","2020-03-22 07:28:59"
"Wilburn","Ernser","dayana68@example.org","2012-12-09","224.46.107.165","2020-03-22 07:28:59"
"Fanny","Kunze","raul.douglas@example.com","2010-08-30","188.78.188.193","2020-03-22 07:28:59"
"Anabelle","Boyle","elliott.marks@example.net","2006-06-22","85.139.110.19","2020-03-22 07:28:59"
"Eli","Funk","andrew59@example.net","1996-02-28","65.222.28.171","2020-03-22 07:28:59"
"Cecelia","Hartmann","gage.dickinson@example.com","2002-09-25","103.228.190.230","2020-03-22 07:28:59"
"Adela","Johns","queenie.gutmann@example.net","2020-02-19","116.176.150.57","2020-03-22 07:28:59"
"Brenda","Johnson","maud93@example.org","2011-03-26","156.106.34.35","2020-03-22 07:28:59"
"Gretchen","Mertz","arlie.smith@example.net","2016-06-01","105.84.1.143","2020-03-22 07:28:59"
"Aracely","Kuhlman","pfritsch@example.net","2003-08-29","216.149.10.175","2020-03-22 07:28:59"
"Ulices","Krajcik","fanny.trantow@example.org","1992-10-12","106.28.135.38","2020-03-22 07:28:59"
"Christy","Klocko","xmraz@example.com","1994-12-19","22.231.241.26","2020-03-22 07:28:59"
"Gregory","Olson","emie36@example.com","2005-09-11","107.160.28.113","2020-03-22 07:28:59"
"Edmond","Davis","xander.abbott@example.net","2008-05-10","173.75.234.59","2020-03-22 07:28:59"
"Kaelyn","Steuber","fred92@example.org","2018-04-26","163.70.44.85","2020-03-22 07:28:59"
"Michele","Hamill","kfeil@example.net","2012-08-04","131.75.250.168","2020-03-22 07:28:59"
"Ian","Maggio","lindsay.doyle@example.com","2007-09-10","119.35.34.179","2020-03-22 07:28:59"
"Arjun","Stanton","elmore91@example.org","2015-04-11","253.62.238.241","2020-03-22 07:28:59"
"Alice","Dickinson","harvey.bernita@example.com","1992-09-04","68.1.237.89","2020-03-22 07:28:59"
"Jaqueline","Crooks","ehayes@example.net","1999-03-17","210.10.50.68","2020-03-22 07:28:59"
"Elvera","Kuhlman","johnston.leo@example.net","2013-06-07","123.203.46.186","2020-03-22 07:28:59"
"Celine","Stamm","kaci74@example.org","2003-10-13","177.138.168.212","2020-03-22 07:28:59"
"Maxine","Davis","schuppe.damien@example.org","1991-03-24","65.123.14.204","2020-03-22 07:28:59"
"Elizabeth","Harvey","alycia.casper@example.net","1993-10-27","55.15.44.225","2020-03-22 07:28:59"
"Tia","Kihn","carmine.hauck@example.org","2017-05-09","199.189.80.133","2020-03-22 07:28:59"
"Kathleen","Hagenes","chaz.wunsch@example.com","2011-07-08","117.247.243.70","2020-03-22 07:28:59"
"Dax","Koepp","nels54@example.com","2011-10-12","62.112.184.46","2020-03-22 07:28:59"
"Noel","Ernser","watsica.rudy@example.org","2006-09-01","57.253.205.218","2020-03-22 07:29:00"
"Helga","Berge","fay.annalise@example.net","2007-06-07","110.223.83.240","2020-03-22 07:29:00"
"Jacynthe","Romaguera","fkoepp@example.org","1997-09-14","200.163.102.138","2020-03-22 07:29:00"
"Immanuel","McClure","edythe.mosciski@example.org","1995-02-21","138.159.79.142","2020-03-22 07:29:00"
"Emery","Borer","gwalsh@example.net","1998-12-16","11.108.79.6","2020-03-22 07:29:00"
"Kathlyn","Sauer","llewellyn83@example.org","1999-03-03","66.127.165.234","2020-03-22 07:29:00"
"Gladyce","Ebert","schowalter.creola@example.com","1999-07-16","37.6.230.97","2020-03-22 07:29:00"
"Alize","Boyer","leora63@example.net","2004-02-10","217.13.228.149","2020-03-22 07:29:00"
"Patricia","O'Reilly","carlie.kuhn@example.org","2010-09-23","58.72.144.72","2020-03-22 07:29:00"
"Kiara","Turcotte","darien13@example.org","2012-03-15","24.236.89.158","2020-03-22 07:29:00"
"Tamia","Aufderhar","shakira29@example.org","2016-11-12","157.182.120.211","2020-03-22 07:29:00"
"Hilton","Barrows","ydouglas@example.org","2013-02-22","216.90.142.126","2020-03-22 07:29:00"
"Santa","Koss","jerde.jon@example.org","1991-02-21","75.177.106.236","2020-03-22 07:29:00"
"Deion","Green","lmoen@example.com","2004-10-01","177.132.15.236","2020-03-22 07:29:00"
"Ellen","Pouros","marquardt.elyssa@example.net","2015-08-23","223.91.227.149","2020-03-22 07:29:00"
"Isobel","Heaney","darren.mclaughlin@example.org","2006-08-08","214.36.179.202","2020-03-22 07:29:00"
"Marjory","Turner","kondricka@example.net","1999-09-28","14.115.245.119","2020-03-22 07:29:00"
"Royal","Harber","kevin.corkery@example.org","2005-10-15","186.44.222.246","2020-03-22 07:29:00"
"Dawson","Beer","laila57@example.org","2009-04-06","138.123.237.75","2020-03-22 07:29:00"
"Stefanie","Pouros","jaskolski.retta@example.com","2011-01-13","56.2.89.141","2020-03-22 07:29:00"
"Newton","Anderson","nbayer@example.net","2009-12-24","106.63.74.167","2020-03-22 07:29:00"
"Chester","Mohr","jakayla63@example.com","2018-05-20","96.44.253.52","2020-03-22 07:29:00"
"Allen","Davis","heidenreich.eloisa@example.com","2008-04-19","6.142.179.179","2020-03-22 07:29:00"
"Rene","Leuschke","velma00@example.net","2019-07-04","181.32.116.9","2020-03-22 07:29:00"
"Bernie","Leannon","noconnell@example.org","2001-05-18","124.164.8.187","2020-03-22 07:29:01"
"Frederic","Corwin","white.elias@example.net","2008-08-16","240.142.170.142","2020-03-22 07:29:01"
"Eduardo","Zboncak","daphne29@example.net","1996-07-19","38.86.56.61","2020-03-22 07:29:01"
"Tyra","Balistreri","cschultz@example.com","2011-08-27","38.154.214.168","2020-03-22 07:29:01"
"Roy","Bode","ellsworth.jaskolski@example.com","1992-09-11","22.100.125.88","2020-03-22 07:29:01"
"Raleigh","Jaskolski","akeem82@example.org","2004-09-16","238.231.175.193","2020-03-22 07:29:01"
"Lee","Reichel","raynor.gussie@example.org","1997-08-19","173.101.107.53","2020-03-22 07:29:01"
"Ofelia","Treutel","beaulah38@example.org","1997-06-20","210.91.37.106","2020-03-22 07:29:01"
"Rogers","Funk","madelyn41@example.org","1999-09-19","233.193.196.92","2020-03-22 07:29:01"
"Florencio","Ward","alowe@example.net","2012-03-30","6.178.46.56","2020-03-22 07:29:01"
"Kody","Trantow","katelynn33@example.org","1996-11-25","97.47.135.58","2020-03-22 07:29:01"
"Gerardo","Brown","odurgan@example.org","2005-06-23","61.64.7.231","2020-03-22 07:29:01"
"Jackeline","Ebert","torphy.myrtie@example.org","1990-02-04","133.146.203.224","2020-03-22 07:29:01"
"Camille","Grant","vbergstrom@example.net","2019-11-11","171.49.192.53","2020-03-22 07:29:01"
"Odie","Eichmann","freda74@example.net","2015-05-19","175.55.121.200","2020-03-22 07:29:01"
"Herta","Hahn","gina16@example.net","1992-12-26","131.21.31.211","2020-03-22 07:29:01"
"Trace","Friesen","bauch.caterina@example.org","2013-12-22","218.130.236.88","2020-03-22 07:29:01"
"Alexys","Jast","witting.darion@example.org","1992-07-07","173.95.205.130","2020-03-22 07:29:01"
"Adam","Parker","akuhn@example.com","2004-10-27","247.210.191.11","2020-03-22 07:29:01"
"Lou","Harris","aufderhar.cathrine@example.com","2018-01-26","187.98.39.141","2020-03-22 07:29:01"
"Clint","Mitchell","elang@example.org","2000-09-29","158.208.192.205","2020-03-22 07:29:01"
"Loyal","Erdman","ebba07@example.org","2016-02-17","84.78.206.145","2020-03-22 07:29:01"
"Dagmar","Abshire","paige93@example.org","2010-01-31","144.122.180.180","2020-03-22 07:29:01"
"Bell","Bernier","xshields@example.net","2003-10-24","213.191.206.156","2020-03-22 07:29:01"
"Keyon","Runolfsdottir","ohudson@example.org","1993-08-04","67.66.182.54","2020-03-22 07:29:01"
"Darion","Kulas","ymertz@example.com","1992-06-26","250.69.169.141","2020-03-22 07:29:01"
"Gregory","Lehner","njerde@example.org","1990-05-13","23.76.126.241","2020-03-22 07:29:01"
"Toney","Braun","dejah.becker@example.net","2002-01-12","235.5.129.95","2020-03-22 07:29:01"
"Laurel","Paucek","gglover@example.org","2002-07-09","216.204.186.234","2020-03-22 07:29:02"
"Andre","O'Hara","wilkinson.bridget@example.net","1996-02-09","211.79.223.198","2020-03-22 07:29:02"
"Jerad","Jones","marguerite78@example.com","2007-06-20","177.166.232.76","2020-03-22 07:29:02"
"Nat","Hessel","orlando.bartell@example.com","2019-01-18","37.72.149.181","2020-03-22 07:29:02"
"Santos","Wolff","filiberto.monahan@example.com","2005-02-02","51.55.130.244","2020-03-22 07:29:02"
"Kaela","Nolan","jakayla41@example.org","1998-11-01","9.0.50.79","2020-03-22 07:29:02"
"Kristina","Schneider","yroberts@example.org","1993-04-02","180.147.167.212","2020-03-22 07:29:02"
"Nicole","Dickens","runolfsson.jamie@example.net","2005-06-21","26.181.13.82","2020-03-22 07:29:02"
"Ettie","Larson","darius01@example.org","2017-03-29","233.137.131.120","2020-03-22 07:29:02"
"Ardella","Schuppe","torey.gutmann@example.net","2016-04-11","165.200.84.196","2020-03-22 07:29:02"
"Norberto","Howe","neha.denesik@example.org","2015-07-12","86.148.123.143","2020-03-22 07:29:02"
"Susanna","D'Amore","armstrong.chase@example.com","2011-01-02","244.76.115.27","2020-03-22 07:29:02"
"Eleanora","Huel","gage73@example.org","1997-12-07","30.96.143.149","2020-03-22 07:29:02"
"Nia","Lesch","mckayla90@example.com","1994-06-30","70.36.174.103","2020-03-22 07:29:02"
"Daren","Roberts","angeline.abernathy@example.net","2015-03-20","156.13.174.51","2020-03-22 07:29:02"
"Donnell","Marquardt","gerson.hickle@example.com","2005-10-10","12.134.57.166","2020-03-22 07:29:02"
"Martine","Hammes","ufriesen@example.com","2006-05-13","43.255.0.178","2020-03-22 07:29:02"
"Ryley","Gleichner","weber.ayla@example.com","1995-02-26","150.15.79.83","2020-03-22 07:29:02"
"Carolina","Daugherty","jarrod90@example.org","2015-11-25","165.39.150.188","2020-03-22 07:29:02"
"Mathilde","Morar","oberbrunner.abdiel@example.net","1998-07-22","89.254.210.66","2020-03-22 07:29:02"
"Mozell","Beahan","kendra76@example.net","2001-04-22","17.128.238.174","2020-03-22 07:29:02"
"Leonor","Gerlach","kozey.jayden@example.com","2016-09-10","242.69.230.213","2020-03-22 07:29:02"
"Linwood","Gulgowski","yhirthe@example.org","2006-03-01","146.224.196.140","2020-03-22 07:29:02"
"Eldridge","Kutch","margarete.schneider@example.com","2018-12-27","86.96.186.208","2020-03-22 07:29:02"
"Pearline","Kilback","abe.crona@example.org","1995-01-04","14.125.160.196","2020-03-22 07:29:02"
"Kari","Gislason","dmills@example.org","2005-03-21","128.147.224.51","2020-03-22 07:29:02"
"Junior","Bernhard","pwitting@example.com","2014-08-26","19.210.247.22","2020-03-22 07:29:03"
"Gwen","Lakin","pklein@example.net","1992-07-07","2.164.120.110","2020-03-22 07:29:03"
"Dolores","Bauch","fadel.percy@example.net","2005-04-21","167.201.207.55","2020-03-22 07:29:03"
"Ulises","Cartwright","zachery.ernser@example.org","2013-09-15","237.214.180.13","2020-03-22 07:29:03"
"Crystel","Lemke","nikolas.gulgowski@example.com","2003-07-17","255.73.166.24","2020-03-22 07:29:03"
"Terry","Ratke","rlangworth@example.org","2016-07-20","88.109.119.35","2020-03-22 07:29:03"
"Lindsay","Kohler","afisher@example.org","1996-01-06","221.240.227.143","2020-03-22 07:29:03"
"Myron","Ryan","harmony.beahan@example.com","2000-12-31","142.2.28.30","2020-03-22 07:29:03"
"Sunny","Schowalter","vbrown@example.org","1991-03-01","17.94.255.248","2020-03-22 07:29:03"
"Malcolm","Murazik","joaquin95@example.org","1992-08-25","236.152.247.67","2020-03-22 07:29:03"
"Angelica","Heaney","wisoky.amos@example.com","2019-09-11","143.140.227.220","2020-03-22 07:29:03"
"Jaeden","Wolf","laury.leannon@example.org","2005-12-11","136.145.44.44","2020-03-22 07:29:03"
"Lulu","Hoeger","ostiedemann@example.net","2006-02-15","180.19.143.169","2020-03-22 07:29:03"
"Jack","Reichel","wcarroll@example.com","2016-08-03","78.193.42.109","2020-03-22 07:29:03"
"Faye","Witting","wilford.okeefe@example.org","1999-07-02","155.54.60.95","2020-03-22 07:29:03"
"Veronica","Nader","welch.blair@example.net","2005-06-23","99.60.206.204","2020-03-22 07:29:03"
"Angus","Mayer","orussel@example.org","2016-12-28","177.26.28.144","2020-03-22 07:29:03"
"Deborah","McLaughlin","alessandro.bruen@example.com","2003-08-23","88.249.136.44","2020-03-22 07:29:03"
"Oswald","Schmitt","vella.watsica@example.com","2002-05-20","27.62.77.20","2020-03-22 07:29:03"
"Maiya","Johns","celine53@example.com","2018-09-27","109.222.65.147","2020-03-22 07:29:03"
"Mohammad","Emard","halie49@example.org","2009-10-26","17.55.3.196","2020-03-22 07:29:03"
"Caesar","Lesch","ukunze@example.net","2006-11-27","91.36.86.92","2020-03-22 07:29:03"
"Diego","Tremblay","tortiz@example.com","2006-01-11","56.129.121.98","2020-03-22 07:29:03"
"Bennie","Blanda","gharris@example.com","2017-07-21","209.17.145.65","2020-03-22 07:29:03"
"Enola","Wilderman","erenner@example.com","2012-10-04","39.235.195.5","2020-03-22 07:29:03"
"Glenda","Kerluke","pkuphal@example.net","2001-01-11","65.107.42.96","2020-03-22 07:29:03"
"Haylie","Klocko","ugottlieb@example.com","2010-12-19","226.57.232.162","1998-07-09 00:00:00"
"Makenna","Pfeffer","brielle04@example.net","1999-04-17","147.61.121.177","2014-11-25 00:00:00"
"Stewart","Rowe","ezra.hudson@example.net","2008-03-21","229.75.175.63","1993-01-17 00:00:00"
"Ebony","Turner","jaqueline76@example.com","2015-08-31","236.140.109.9","1991-05-18 00:00:00"
"Ernestina","Mann","frolfson@example.net","2004-01-01","198.136.64.198","2015-07-03 00:00:00"
"Myah","Okuneva","jlittel@example.com","2004-11-08","177.250.73.145","2019-02-04 00:00:00"
"Eloise","VonRueden","myriam.schumm@example.org","2006-08-31","251.107.136.255","1991-10-08 00:00:00"
"Kenny","Stanton","loy.marks@example.net","2005-03-27","58.0.188.22","2001-10-16 00:00:00"
"Reese","Stroman","johnson.nash@example.org","2013-11-10","214.244.172.186","2000-10-01 00:00:00"
"Makenna","Leffler","ritchie.anastacio@example.com","2017-12-10","178.93.154.126","2012-05-07 00:00:00"
"Carmella","Vandervort","stiedemann.devon@example.org","2012-12-17","49.0.222.24","2011-06-18 00:00:00"
"Newton","Sauer","perry41@example.net","1994-02-18","1.227.207.89","1999-06-25 00:00:00"
"Elvis","White","liliane40@example.com","1996-04-11","251.171.168.124","2007-06-29 00:00:00"
"Johnny","Welch","murazik.lavern@example.org","1999-02-21","150.104.236.132","2001-01-12 00:00:00"
"Federico","Johnson","dell.robel@example.org","1997-05-10","243.124.60.143","2013-10-17 00:00:00"
"Abigayle","Jacobs","xlangworth@example.org","1992-09-06","141.24.204.18","1995-10-11 00:00:00"
"Myra","Feeney","tyson.conn@example.net","2017-05-05","137.114.103.72","2014-10-17 00:00:00"
"Nellie","Luettgen","ystrosin@example.com","1996-07-10","111.54.118.134","2004-09-03 00:00:00"
"Pablo","Legros","breana26@example.net","1990-11-06","80.196.16.149","1994-03-24 00:00:00"
"Lucy","Heidenreich","mblanda@example.org","1995-12-20","48.129.214.55","2016-02-19 00:00:00"
"Deshaun","Bashirian","kwalker@example.com","1998-04-16","229.186.193.135","1991-08-12 00:00:00"
"Agnes","Brakus","rbraun@example.com","2002-03-17","102.59.184.11","1993-07-08 00:00:00"
"Claudie","Leffler","hlangworth@example.com","1999-02-06","11.26.186.3","2008-03-31 00:00:00"
"Cody","Rice","hessel.onie@example.com","2018-09-26","117.86.98.135","2019-12-20 00:00:00"
"Aubrey","Balistreri","wframi@example.org","2005-04-23","10.132.41.167","2003-12-14 00:00:00"
"Larue","Kerluke","hammes.michel@example.org","2019-09-29","5.175.82.209","2002-05-08 00:00:00"
"Herminia","Koss","wsatterfield@example.net","2003-05-11","88.166.41.58","2007-11-05 00:00:00"
"Abdul","Kris","ortiz.amparo@example.org","2012-06-07","151.151.30.145","1996-11-26 00:00:00"
"Buster","Kunde","dominique63@example.com","1990-05-23","182.186.172.156","2019-01-21 00:00:00"
"Syble","Bayer","hilbert.hessel@example.com","1997-04-19","104.162.35.177","2008-07-17 00:00:00"
"Cordie","Flatley","leuschke.torrey@example.org","1991-11-07","17.137.255.162","2018-02-28 00:00:00"
"Santa","Lindgren","elegros@example.org","2014-06-21","189.39.104.114","2005-03-10 00:00:00"
"Rozella","Nicolas","zlarson@example.org","1993-11-17","31.81.246.95","1995-12-30 00:00:00"
"Reva","Gerhold","jan.kozey@example.com","1998-12-29","52.89.57.130","2012-10-27 00:00:00"
"Weldon","Kassulke","pmueller@example.com","1997-01-26","210.211.8.72","2012-12-15 00:00:00"
"Vicente","DuBuque","hgislason@example.com","1998-11-30","20.18.212.231","2002-12-02 00:00:00"
"Ayden","Heidenreich","ashley.schinner@example.com","2011-07-17","11.215.159.104","1996-05-09 00:00:00"
"Philip","Murazik","rickey73@example.org","2005-04-13","7.234.27.240","1993-10-03 00:00:00"
"Casey","Beier","streich.gerry@example.org","2002-02-03","25.255.209.41","1992-10-21 00:00:00"
"Adalberto","DuBuque","dhilpert@example.org","1997-10-03","180.112.38.215","1990-03-31 00:00:00"
"Janiya","Ernser","annamarie.rosenbaum@example.org","1998-04-02","26.147.137.122","1993-06-25 00:00:00"
"Jacky","Robel","littel.josefina@example.org","2008-03-10","139.216.176.41","2001-03-19 00:00:00"
"Shanie","Treutel","aiden84@example.net","2004-11-25","126.147.170.42","2007-02-10 00:00:00"
"Kenya","Rohan","crutherford@example.net","2013-09-18","173.39.96.247","2000-06-11 00:00:00"
"Simeon","Kovacek","gerhold.duncan@example.net","2012-11-04","214.126.212.109","2002-09-22 00:00:00"
"Khalid","Bashirian","freinger@example.com","2019-08-18","224.38.36.156","2006-01-23 00:00:00"
"Emmett","Reynolds","alexanne.jenkins@example.com","2001-12-16","234.230.83.245","2014-05-31 00:00:00"
"Donny","Conroy","monica26@example.net","2014-05-04","5.99.140.240","2004-09-18 00:00:00"
"Lori","Bahringer","torp.markus@example.org","2016-12-14","57.158.198.34","1992-05-04 00:00:00"
"Kristina","Schiller","harry63@example.net","2014-01-12","212.99.213.160","2009-10-27 00:00:00"
"Brad","Will","stroman.macy@example.com","1993-05-09","134.105.177.144","1997-04-03 00:00:00"
"Nestor","Reilly","nfay@example.org","1991-12-01","189.76.241.192","2016-04-05 00:00:00"
"Kennith","Walker","ericka95@example.net","2019-07-20","110.146.191.168","1991-12-13 00:00:00"
"Louisa","Lynch","fwiegand@example.net","2007-08-30","14.79.128.30","2003-09-15 00:00:00"
"Ezekiel","O'Connell","verdie.schamberger@example.org","2016-12-30","153.3.174.132","2002-07-22 00:00:00"
"Annette","Williamson","estell.kassulke@example.net","2001-07-15","13.65.122.225","1991-10-24 00:00:00"
"Jeremie","McDermott","quitzon.amanda@example.net","1994-09-09","188.168.147.222","1995-10-17 00:00:00"
"Santiago","Okuneva","mjohns@example.net","1993-01-27","245.233.189.5","1992-10-15 00:00:00"
"Kamille","Nader","rrempel@example.net","1992-07-05","32.111.98.212","1990-07-07 00:00:00"
"Laverna","Ruecker","fstreich@example.org","2000-07-09","79.38.113.86","1990-03-14 00:00:00"
"Adela","Gottlieb","amoen@example.org","2001-02-24","85.34.51.9","2009-02-06 00:00:00"
"Mack","Pfannerstill","alexa.nikolaus@example.com","2018-09-02","113.147.66.158","2013-12-23 00:00:00"
"Christy","Russel","ubosco@example.org","2013-02-05","143.21.221.165","1992-07-21 00:00:00"
"Muriel","Considine","jade37@example.com","2014-08-30","96.208.103.221","1991-01-26 00:00:00"
"Cecilia","Abernathy","zweber@example.org","2013-12-08","132.184.15.37","2018-09-18 00:00:00"
"Jakayla","Wuckert","queen.murray@example.com","1998-08-30","207.226.221.13","2005-12-27 00:00:00"
"Randy","Cremin","lfranecki@example.com","1992-01-21","27.10.157.57","2004-04-03 00:00:00"
"Janie","Daugherty","johan.mayert@example.com","2014-04-23","13.74.195.124","1997-11-16 00:00:00"
"Elinor","Ruecker","stanton.koepp@example.com","1995-06-28","104.112.31.11","2003-03-07 00:00:00"
"Edyth","Christiansen","hudson51@example.net","1993-08-31","250.229.240.135","2009-02-16 00:00:00"
"Shyanne","King","harley.swift@example.org","2013-09-22","94.31.128.16","1993-02-01 00:00:00"
"Kimberly","Donnelly","albin.donnelly@example.net","2011-08-06","171.160.114.171","1998-06-20 00:00:00"
"Hanna","Swift","kmclaughlin@example.net","1993-02-03","9.87.23.202","2000-09-11 00:00:00"
"Gisselle","Wiegand","hgoyette@example.org","2006-01-05","217.103.109.11","2018-02-26 00:00:00"
"Norene","Sanford","maurice94@example.net","2008-07-02","58.205.197.76","1992-04-16 00:00:00"
"Frederique","Casper","mharber@example.net","2015-04-02","152.118.140.175","1996-05-05 00:00:00"
"Ismael","Crona","lily.kuphal@example.org","1994-06-08","158.139.91.150","1997-07-29 00:00:00"
"Lottie","Hagenes","hadley40@example.com","2004-02-21","215.160.104.200","2004-11-23 00:00:00"
"Darby","O'Keefe","bechtelar.jeanette@example.com","2007-10-24","190.92.197.94","1998-07-10 00:00:00"
"Jadyn","Bashirian","roberts.toney@example.net","1999-02-27","133.177.84.145","1995-11-27 00:00:00"
"Marcia","Romaguera","maud.gerhold@example.org","2003-07-04","162.31.104.200","1993-07-25 00:00:00"
"Wilfredo","Rolfson","bettie38@example.com","1990-07-29","214.208.158.137","2018-07-19 00:00:00"
"Ward","Volkman","swift.bryon@example.net","1998-09-07","162.122.144.244","2011-09-25 00:00:00"
"Cole","Kerluke","wwaters@example.com","1996-03-04","59.108.202.157","1996-03-02 00:00:00"
"Josiah","Lynch","samson52@example.com","1993-10-18","4.155.51.64","2013-04-12 00:00:00"
"Ollie","Pacocha","brenda.koss@example.org","2017-10-02","54.149.64.133","2018-10-03 00:00:00"
"Laury","Lueilwitz","arvid.luettgen@example.com","1997-05-31","239.129.220.191","1991-02-02 00:00:00"
"Trystan","Bernier","wwalsh@example.org","2005-11-02","15.88.109.15","1991-06-21 00:00:00"
"Amalia","Boehm","ugerhold@example.net","2000-01-05","242.64.43.122","2006-09-05 00:00:00"
"Jaqueline","Rosenbaum","cristobal60@example.com","2016-03-02","88.154.71.118","2003-11-24 00:00:00"
"Edmond","Hudson","mekhi.yost@example.net","1998-10-07","130.6.173.60","2019-01-27 00:00:00"
"Carey","Prosacco","udicki@example.net","2016-07-22","74.227.76.245","2010-12-13 00:00:00"
"Elmira","Schultz","keenan.muller@example.org","2005-12-09","90.13.38.164","1997-09-25 00:00:00"
"Merritt","Auer","morar.carleton@example.net","1993-10-22","55.43.171.107","1992-08-01 00:00:00"
"Kendra","O'Hara","dayne73@example.com","2002-07-16","58.145.5.38","2014-11-17 00:00:00"
"Glen","Gleichner","dave60@example.net","2014-03-28","180.135.131.235","2011-03-05 00:00:00"
"Delaney","Collins","cummings.colin@example.com","1995-05-02","226.231.23.147","2005-11-10 00:00:00"
"Arnold","Barton","alarson@example.net","2017-06-21","98.225.122.251","2000-06-10 00:00:00"
"Lamont","Leuschke","smith.mauricio@example.org","1991-04-21","156.251.90.209","2018-01-06 00:00:00"
"Alyson","Bernier","bgerhold@example.org","2009-03-09","17.118.218.214","2008-11-12 00:00:00"
"Kory","Jerde","marina98@example.com","1996-12-23","30.161.78.95","2010-12-01 00:00:00"
"Mae","Pfeffer","joesph.borer@example.net","2003-05-29","34.126.252.169","2020-01-26 00:00:00"
"Dejah","Feest","hailee53@example.org","2019-02-28","82.65.45.28","2008-10-17 00:00:00"
"Devonte","Willms","hmedhurst@example.org","2009-08-25","90.234.238.66","2013-08-29 00:00:00"
"Neoma","Tillman","amanda.ryan@example.net","1998-11-04","13.85.184.98","2015-03-29 00:00:00"
"Elmer","Thiel","rosario58@example.com","1990-07-24","155.209.40.120","2002-04-22 00:00:00"
"Savanah","Lind","jshields@example.net","2017-09-15","117.113.202.58","2010-04-23 00:00:00"
"Dovie","Renner","ari.paucek@example.com","2002-05-27","41.47.86.6","2008-10-28 00:00:00"
"Aletha","Weimann","destiny86@example.org","1995-04-01","193.6.54.126","1995-04-12 00:00:00"
"Heloise","West","candice79@example.net","2005-11-17","136.209.244.190","2019-02-24 00:00:00"
"Onie","Schaefer","rozella.rogahn@example.org","1994-05-08","201.129.167.195","2014-11-28 00:00:00"
"Eusebio","Feil","bert20@example.org","2020-02-29","212.110.168.226","2011-02-05 00:00:00"
"Selina","Rolfson","estella18@example.com","2019-04-25","233.75.151.235","2008-07-22 00:00:00"
"Kian","Nitzsche","gulgowski.branson@example.org","2005-06-06","135.113.71.143","2011-01-23 00:00:00"
"Anastacio","Streich","zebert@example.org","2015-10-11","175.96.79.59","2005-09-18 00:00:00"
"Winona","Smitham","kylee.sipes@example.net","2003-12-28","111.5.233.65","2017-02-15 00:00:00"
"Oswald","Shields","stevie.blanda@example.org","1999-10-07","241.222.162.78","2004-11-07 00:00:00"
"Avis","Crona","tremblay.pat@example.net","2007-06-19","2.236.132.169","2012-12-05 00:00:00"
"Kyle","Walsh","adella99@example.org","1996-01-14","53.233.213.242","2019-10-06 00:00:00"
"Evangeline","Klocko","jacinto90@example.org","1995-10-28","119.120.57.206","2013-05-12 00:00:00"
"Graciela","Greenfelder","bcruickshank@example.com","2015-10-21","226.123.153.54","1997-11-30 00:00:00"
"Pascale","Anderson","block.bret@example.org","1998-04-19","27.36.137.76","2000-10-15 00:00:00"
"Reagan","Walker","jwyman@example.org","2012-01-27","59.183.229.49","1998-11-13 00:00:00"
"Freida","McDermott","velma61@example.net","1996-08-26","15.240.0.62","1996-02-04 00:00:00"
"Nelle","Breitenberg","bethel06@example.org","2006-03-09","70.253.5.238","2000-01-17 00:00:00"
"Etha","Emard","anya53@example.com","2009-04-19","45.129.54.121","2005-11-10 00:00:00"
"Clark","Jones","bthiel@example.com","2002-06-06","77.15.139.58","2000-05-12 00:00:00"
"Brandon","Braun","stella.brekke@example.net","2000-05-01","151.26.186.89","1994-06-25 00:00:00"
"Destany","Stanton","donnell.miller@example.org","1999-07-10","105.98.68.69","2014-11-12 00:00:00"
"Norbert","Thiel","pattie.reilly@example.org","1997-04-18","155.166.249.244","1991-12-25 00:00:00"
"Arlo","Casper","burley.metz@example.org","1995-07-31","124.245.56.43","1997-01-20 00:00:00"
"Jarrod","Prohaska","white.kristofer@example.com","2016-05-02","231.52.240.153","2018-12-21 00:00:00"
"Shyann","Veum","laurine48@example.net","2003-04-24","7.173.251.83","2014-10-31 00:00:00"
"Sienna","Bosco","rlittle@example.org","1999-05-23","181.237.102.44","2017-04-04 00:00:00"
"Keyshawn","White","evalyn.johnston@example.com","2015-01-06","223.221.172.189","2014-10-28 00:00:00"
"Gaston","Cremin","russel.kelli@example.com","2013-08-23","136.56.128.73","2010-12-14 00:00:00"
"Lura","Herzog","dean95@example.com","2000-07-25","30.181.27.210","2011-09-04 00:00:00"
"Kennedi","Cummings","imclaughlin@example.com","2003-03-26","20.106.167.179","2009-08-12 00:00:00"
"Vilma","Kuhn","ciara92@example.com","1999-12-29","228.69.100.208","1992-09-01 00:00:00"
"Winifred","Satterfield","koby.haag@example.com","2012-12-22","165.127.255.242","1997-10-30 00:00:00"
"Teagan","Kessler","tshanahan@example.org","2004-06-09","170.23.181.215","2009-06-04 00:00:00"
"Justina","Hansen","zgoodwin@example.net","2008-01-14","99.132.120.17","2018-01-19 00:00:00"
"Marcos","Schimmel","jada52@example.net","2013-03-22","217.174.30.102","2015-10-26 00:00:00"
"Orion","Franecki","nconroy@example.net","2000-02-14","30.94.52.46","2009-06-15 00:00:00"
"Maude","Kessler","kaden.langosh@example.org","2015-01-04","216.49.10.32","2004-03-08 00:00:00"
"Hayden","Brekke","retha02@example.com","1996-04-19","97.47.219.142","1998-10-06 00:00:00"
"Mercedes","Jenkins","jonathon.feil@example.org","1995-11-11","82.23.238.126","2006-06-04 00:00:00"
"Una","Beier","yost.devan@example.org","2008-12-11","210.134.85.18","2010-07-03 00:00:00"
"Audrey","Armstrong","antwan06@example.org","2003-06-09","4.243.9.227","1998-07-13 00:00:00"
"Nakia","Swift","eldred.ryan@example.com","2011-09-11","180.175.214.254","2010-08-10 00:00:00"
"Freeda","Zulauf","yessenia36@example.com","1990-04-05","184.118.250.44","1990-03-27 00:00:00"
"Avery","Koepp","gloria39@example.com","1998-04-24","206.220.240.157","2017-11-18 00:00:00"
"Declan","Parisian","lindgren.jeanie@example.com","2003-05-01","147.41.146.36","2007-03-28 00:00:00"
"Imani","Kiehn","kerluke.giovanny@example.com","1990-11-20","96.13.223.190","1991-12-17 00:00:00"
"Ricardo","Nikolaus","weber.tyrique@example.com","2011-08-12","152.215.206.168","2003-01-20 00:00:00"
"Ernie","Anderson","ellen85@example.net","2005-02-23","226.181.78.9","1997-02-24 00:00:00"
"Jarret","Jacobson","norbert.osinski@example.org","2002-07-08","132.248.182.4","2009-03-14 00:00:00"
"Edna","Ziemann","arianna51@example.org","1995-03-04","208.33.144.154","2017-03-01 00:00:00"
"Ofelia","Buckridge","lrenner@example.com","1990-05-24","171.117.39.186","2004-02-25 00:00:00"
"Destiney","Miller","rogahn.nathanael@example.net","2010-01-02","199.120.179.231","1996-02-27 00:00:00"
"Isobel","Ritchie","carolyne.schinner@example.com","2000-07-13","230.27.10.134","1990-04-14 00:00:00"
"Edison","Breitenberg","alfreda90@example.com","1997-08-21","222.251.203.156","2015-05-16 00:00:00"
"Brock","Spencer","domenica27@example.org","1999-10-12","248.203.227.34","1992-09-03 00:00:00"
"Charlene","Bogan","nico16@example.org","2017-12-06","173.59.81.171","2016-09-15 00:00:00"
"Raul","Keebler","alexandrine05@example.com","2007-09-21","125.141.22.58","2016-02-26 00:00:00"
"Cordie","Abernathy","barton.rex@example.com","2006-09-19","164.112.57.165","1992-10-31 00:00:00"
"Loyce","Robel","steve87@example.com","2015-03-03","184.141.93.159","1997-06-07 00:00:00"
"Darion","Corkery","ehartmann@example.net","1995-02-01","168.37.17.84","2013-08-18 00:00:00"
"Carmella","Jacobi","agutkowski@example.net","1994-06-22","144.177.133.172","2008-04-28 00:00:00"
"Jermaine","Effertz","leffler.reyes@example.com","1993-02-08","137.129.36.228","1993-11-21 00:00:00"
"Helmer","Lang","tyshawn18@example.net","1992-05-12","19.92.200.158","2014-08-29 00:00:00"
"Skylar","Pacocha","aparker@example.com","2016-05-08","23.161.6.30","2015-09-25 00:00:00"
"Maximilian","Marquardt","aryanna.grant@example.net","1999-01-26","176.126.95.69","2004-10-29 00:00:00"
"Stanton","Runolfsson","pmarquardt@example.com","1990-09-02","166.140.70.142","2012-12-27 00:00:00"
"Trent","Grimes","fritsch.odell@example.org","2016-12-26","98.156.198.99","2009-03-30 00:00:00"
"Milford","Schmidt","wisozk.giles@example.com","2005-02-01","104.93.254.160","1995-02-22 00:00:00"
"Emile","Maggio","mann.tristian@example.com","2017-04-26","47.200.221.203","1990-08-05 00:00:00"
"Trent","Nienow","jaunita.cronin@example.com","1992-05-09","45.172.245.204","1999-12-29 00:00:00"
"Garland","Kuhlman","dibbert.demarco@example.org","2007-08-25","183.234.179.192","2017-04-29 00:00:00"
"Tiara","Casper","benedict43@example.org","1999-01-16","153.133.167.222","1994-03-21 00:00:00"
"Jesus","Rau","katlyn52@example.net","1990-10-01","226.168.115.124","1990-05-05 00:00:00"
"Vernon","Walsh","angelica06@example.net","1992-10-30","100.224.221.183","2016-06-14 00:00:00"
"Vidal","Green","leila23@example.com","2018-04-06","12.115.111.20","2003-07-19 00:00:00"
"Viviane","Strosin","destiny.purdy@example.net","2017-12-31","82.70.157.213","2011-10-16 00:00:00"
"Jacey","Towne","derek94@example.org","1997-03-11","212.42.104.242","2012-01-07 00:00:00"
"Madeline","Crist","brakus.abbie@example.org","1992-03-17","92.210.185.41","2009-05-02 00:00:00"
"Lizeth","Blick","mozell.feil@example.net","2017-02-19","229.232.24.64","2016-11-27 00:00:00"
"Orpha","Gusikowski","imurray@example.com","2017-06-05","48.245.198.223","2004-01-09 00:00:00"
"Tyson","Kuhn","ollie81@example.org","2009-07-22","11.88.109.94","1994-01-26 00:00:00"
"Kiley","Altenwerth","connelly.tamia@example.net","2018-01-05","53.188.246.172","2014-01-18 00:00:00"
"Eudora","Wisozk","kohler.lisandro@example.org","2004-02-09","160.133.20.235","1999-08-20 00:00:00"
"Brayan","Douglas","nkris@example.org","2002-11-28","215.149.67.90","2009-04-22 00:00:00"
"Carmela","Deckow","orville44@example.net","2016-07-30","51.164.35.193","2002-06-05 00:00:00"
"Isabelle","Purdy","kritchie@example.org","2013-07-22","126.100.45.187","2013-02-16 00:00:00"
"Frank","Swaniawski","delphine54@example.org","2007-08-01","13.106.183.141","2013-03-16 00:00:00"
"Kailee","Kutch","lorena92@example.net","2006-07-22","81.17.234.253","2016-05-25 00:00:00"
"Dustin","Wolff","janet.zulauf@example.net","2001-09-25","223.210.136.85","2009-07-18 00:00:00"
"Keagan","Ebert","heath84@example.net","2009-04-26","221.198.79.70","2010-10-26 00:00:00"
"Freddy","Kuhn","garfield.hoppe@example.org","2018-04-06","221.89.142.93","2008-04-16 00:00:00"
"Durward","Hessel","hershel.okuneva@example.org","1994-11-28","159.74.213.87","2005-01-11 00:00:00"
"Camylle","Ankunding","qbatz@example.net","1993-11-15","179.80.101.143","2005-06-09 00:00:00"
"Constantin","Runolfsdottir","weber.zachery@example.net","1999-01-01","115.153.136.10","2017-02-28 00:00:00"
"Calista","Conn","pchamplin@example.net","1999-08-22","13.88.9.13","2019-01-28 00:00:00"
"Eldridge","Turcotte","bernhard42@example.org","2001-11-20","21.127.114.70","2004-06-09 00:00:00"
"Antonio","Kuphal","sabina.welch@example.org","2017-06-19","117.116.132.149","2006-06-08 00:00:00"
"Stewart","Schoen","hhoeger@example.net","2018-03-31","213.73.205.22","2015-03-12 00:00:00"
"Louisa","Grimes","cruickshank.dominic@example.net","2004-06-19","72.199.217.83","1990-08-10 00:00:00"
"Elza","Pollich","zwillms@example.com","1993-06-25","18.109.207.140","1994-03-07 00:00:00"
"Idell","Prohaska","koby02@example.org","2002-05-30","95.235.33.96","2010-12-19 00:00:00"
"Torrance","Robel","pascale.jones@example.com","1991-05-23","198.238.93.46","1998-11-11 00:00:00"
"Carole","Casper","celestino81@example.org","2006-08-24","5.14.240.251","1991-10-09 00:00:00"
"Tierra","Langosh","vicenta62@example.com","1997-09-10","74.44.96.191","1996-06-16 00:00:00"
"Mittie","Bauch","king.herminia@example.com","2016-09-28","252.122.198.140","2002-06-27 00:00:00"
"Pedro","Langosh","rickie.terry@example.com","2010-11-03","131.23.107.207","2001-07-19 00:00:00"
"Kathleen","Swift","uvonrueden@example.net","2005-11-25","92.5.72.116","1999-06-23 00:00:00"
"Shanelle","Adams","schimmel.reilly@example.org","2013-11-12","104.81.218.61","2007-02-12 00:00:00"
"Kali","Tromp","arlie67@example.net","2010-04-09","191.246.252.174","1990-06-20 00:00:00"
"Rafaela","Halvorson","lawson.macejkovic@example.net","2005-02-22","77.167.94.231","2002-06-02 00:00:00"
"Lenora","Bechtelar","demetris.boehm@example.com","2004-04-23","20.232.166.50","1997-01-28 00:00:00"
"George","Swift","dickens.emma@example.net","2000-08-08","188.136.195.231","1998-12-21 00:00:00"
"Laura","Tillman","beahan.theo@example.com","1992-07-26","226.182.216.144","2010-09-02 00:00:00"
"Darby","Leannon","deontae.medhurst@example.net","2015-11-14","137.153.251.178","2009-05-13 00:00:00"
"Jeromy","Breitenberg","alysson22@example.org","2010-09-12","198.232.45.60","2004-08-10 00:00:00"
"Luz","Labadie","hbogan@example.net","1991-06-03","158.225.223.242","2000-12-14 00:00:00"
"Emilio","Schmeler","bins.caleb@example.com","2009-05-08","57.110.79.125","2003-03-05 00:00:00"
"Kira","Williamson","mohammad60@example.net","1992-10-26","199.198.159.158","2012-11-01 00:00:00"
"Abraham","Sauer","stoltenberg.elenora@example.org","2010-06-27","30.39.213.128","2004-03-02 00:00:00"
"Chesley","Durgan","emmett.thompson@example.org","2014-04-04","149.103.160.168","2009-08-17 00:00:00"
"Mary","Blick","mkilback@example.net","2000-12-25","32.92.250.253","1999-05-25 00:00:00"
"Orlo","Gutkowski","dean25@example.org","2011-01-09","239.190.164.86","2019-08-24 00:00:00"
"Jayne","Vandervort","lazaro.blick@example.com","2001-03-30","164.46.25.130","2008-09-11 00:00:00"
"Madyson","Kassulke","elmore50@example.com","2007-04-02","57.235.91.32","2010-08-12 00:00:00"
"Manuela","Lakin","horacio.feest@example.com","1993-11-29","210.83.5.27","2010-11-16 00:00:00"
"Jorge","Buckridge","rupton@example.net","2002-09-21","12.2.99.124","2018-10-03 00:00:00"
"Shany","Goldner","donavon.heathcote@example.net","1996-10-23","23.206.2.51","2016-02-08 00:00:00"
"Mertie","O'Kon","birdie59@example.org","2006-01-27","27.126.105.46","2003-01-09 00:00:00"
"Delpha","Gottlieb","eyost@example.com","2011-02-12","212.76.209.227","2010-12-21 00:00:00"
"Casimir","Armstrong","isidro.wehner@example.net","2000-06-23","5.178.78.222","2006-10-07 00:00:00"
"Cordia","Altenwerth","jast.moshe@example.org","2012-12-12","181.199.3.173","1994-03-24 00:00:00"
"Dustin","Douglas","ghintz@example.com","1998-12-23","147.62.106.253","2008-07-17 00:00:00"
"Meaghan","Murray","hackett.levi@example.com","2000-08-02","128.8.75.124","1998-06-17 00:00:00"
"Amara","Lueilwitz","nicolette.sporer@example.org","1991-10-26","10.100.47.224","2000-06-30 00:00:00"
"Alexys","Bayer","horace.larson@example.org","2012-08-09","83.173.185.129","2020-02-17 00:00:00"
"Justine","McLaughlin","bkuhic@example.net","2006-12-05","227.30.26.182","1998-08-04 00:00:00"
"Jacquelyn","Mayert","dhalvorson@example.org","2017-03-21","139.246.151.200","2018-12-15 00:00:00"
"Abelardo","Tillman","ruben30@example.org","2004-06-27","222.85.201.131","1993-04-07 00:00:00"
"Nikki","Windler","dach.joy@example.com","2013-06-02","25.148.53.54","2016-12-01 00:00:00"
"Betty","Hessel","ogutkowski@example.com","2013-01-26","236.45.246.199","2003-01-22 00:00:00"
"Jaunita","Bins","hschimmel@example.net","1996-03-08","115.47.128.151","2005-05-18 00:00:00"
"Moses","Schaefer","collier.damaris@example.org","2013-09-07","66.230.47.196","1990-09-23 00:00:00"
"Deshaun","Rice","heathcote.felicia@example.com","2012-09-11","85.196.239.175","2016-03-30 00:00:00"
"Bart","Feest","sglover@example.org","2000-11-13","193.120.0.208","2010-03-02 00:00:00"
"Katlyn","Morissette","hope86@example.com","2013-06-13","176.53.182.129","2019-08-04 00:00:00"
"Salvador","Kiehn","abigail94@example.net","2016-06-27","185.57.10.183","2014-01-18 00:00:00"
"Sandra","Abbott","zokeefe@example.org","2012-12-07","43.8.103.54","2019-05-17 00:00:00"
"Nora","Kub","pmurray@example.net","2004-04-25","94.10.52.127","2018-04-06 00:00:00"
"Lois","Wehner","gregorio.oreilly@example.org","2018-11-11","65.196.75.160","2018-07-03 00:00:00"
"Frederik","Robel","gilda85@example.com","1998-08-07","138.94.45.30","1994-02-02 00:00:00"
"Cicero","Krajcik","gdaniel@example.org","1993-10-11","35.63.253.52","2008-02-06 00:00:00"
"Elaina","Ward","filomena.smith@example.com","2016-11-20","62.248.44.224","2003-11-08 00:00:00"
"Cecile","Murphy","fritsch.nathen@example.org","1991-07-04","96.108.50.197","2019-06-22 00:00:00"
"Dominic","Stokes","coralie35@example.org","1993-04-08","17.92.58.181","2000-01-06 00:00:00"
"Melisa","Blick","ghamill@example.org","1992-03-17","128.233.199.130","1997-05-28 00:00:00"
"Edison","Huels","eleanora.huel@example.org","2006-11-12","68.12.137.138","2015-09-28 00:00:00"
"Zena","Koepp","davin.schaefer@example.net","1994-01-07","203.115.149.241","2010-12-01 00:00:00"
"Bella","Greenfelder","pwisozk@example.com","2011-08-08","201.23.246.206","2009-03-31 00:00:00"
"Wendy","Goldner","liana.rowe@example.org","2008-11-02","11.113.91.124","2010-07-15 00:00:00"
"Kane","Feest","hlemke@example.org","1999-02-18","95.164.203.122","1998-09-22 00:00:00"
"Rafaela","Mayert","leann93@example.com","2016-04-27","4.207.39.128","2017-07-08 00:00:00"
"Randall","Schmidt","irving55@example.net","2008-04-25","108.238.157.52","2014-10-01 00:00:00"
"Ashleigh","Maggio","ohauck@example.org","2018-10-09","213.138.181.83","2011-04-26 00:00:00"
"Marisa","Carroll","bruce.carter@example.com","2013-12-10","189.175.49.157","1990-11-05 00:00:00"
"Marcelina","Grimes","marilou93@example.org","1998-03-20","59.16.20.154","2014-05-17 00:00:00"
"Javon","Friesen","nicolas.alexandria@example.com","1997-12-13","100.12.57.159","1996-08-30 00:00:00"
"Damon","Rempel","trudie91@example.com","1995-06-25","39.110.171.244","1992-07-11 00:00:00"
"Daija","Rodriguez","runolfsdottir.meggie@example.net","1996-03-06","159.35.245.72","2018-12-28 00:00:00"
"Claudia","Labadie","flavie89@example.org","2010-03-02","18.182.28.206","2012-08-20 00:00:00"
"Kimberly","O'Conner","zwilliamson@example.net","2002-06-10","114.224.130.175","1998-05-28 00:00:00"
"Robin","Stracke","qwisozk@example.net","2015-06-18","174.41.119.153","1992-10-17 00:00:00"
"Kelsi","Kuhn","zrobel@example.org","1993-07-18","238.185.78.141","2014-09-22 00:00:00"
"Maria","Treutel","cferry@example.org","1998-01-27","179.83.191.151","1998-01-27 00:00:00"
"Clair","Harris","skiles.johnny@example.com","2013-01-26","213.213.174.85","2002-08-12 00:00:00"
"Charlotte","Osinski","veum.adella@example.com","2000-03-20","77.74.215.215","2012-10-26 00:00:00"
"Merritt","Ratke","benny56@example.com","1992-04-24","133.225.84.34","1996-07-28 00:00:00"
"Chadrick","Harber","halle.lind@example.net","1993-02-10","26.121.9.244","2013-06-05 00:00:00"
"Jaylen","Gleichner","gbailey@example.net","2016-02-26","230.192.228.13","1995-10-01 00:00:00"
"Arely","Pagac","marcella22@example.com","1995-01-17","246.65.158.24","2004-06-23 00:00:00"
"Shaun","Quitzon","bernard83@example.com","1995-10-18","116.29.2.70","1998-09-22 00:00:00"
"Miles","Turner","mbalistreri@example.com","1998-11-05","185.189.38.6","2016-04-23 00:00:00"
"Jayce","Bechtelar","tromp.jace@example.net","1991-10-17","196.131.88.111","2011-07-13 00:00:00"
"Ahmad","Swift","cale.pfeffer@example.org","1997-07-05","195.42.251.210","2009-11-03 00:00:00"
"Adelbert","Leannon","zkovacek@example.org","2012-09-22","57.127.72.58","2014-09-19 00:00:00"
"Zachery","Rowe","bryon.hodkiewicz@example.org","2010-09-28","129.224.80.76","2016-10-21 00:00:00"
"Darion","Hickle","maxine83@example.net","1994-09-23","152.13.157.30","2005-11-26 00:00:00"
"Andreane","Emmerich","carleton17@example.net","2012-04-14","31.221.108.27","2010-05-27 00:00:00"
"Nicolas","Lind","reichert.dorthy@example.net","2017-09-09","237.155.118.83","1990-03-05 00:00:00"
"Carmine","Koss","terry.lonie@example.com","2006-08-17","139.112.69.198","2018-11-11 00:00:00"
"Donny","Ryan","kaycee.rutherford@example.net","2011-02-20","61.128.73.157","2016-07-04 00:00:00"
"Khalid","Cremin","ardella46@example.com","2018-10-15","135.112.154.78","1996-12-17 00:00:00"
"Kenyatta","Barrows","odell.goyette@example.org","1996-06-05","158.40.27.126","1999-08-13 00:00:00"
"Wilmer","Daugherty","zrempel@example.org","2015-10-02","227.8.146.10","2017-08-18 00:00:00"
"Etha","Rowe","terrance.hahn@example.org","2006-01-12","253.110.144.214","1990-01-04 00:00:00"
"Elbert","Klein","jerome.wilderman@example.org","2004-02-29","198.235.106.56","1996-10-11 00:00:00"
"Earnestine","Rodriguez","lrempel@example.net","2017-02-10","242.69.235.20","2019-01-17 00:00:00"
"Devonte","Cremin","maggie.beer@example.org","2019-01-03","133.19.242.127","2006-08-23 00:00:00"
"Okey","Wisoky","myles43@example.com","1991-12-14","173.130.158.246","2009-01-24 00:00:00"
"Garnet","Lind","hkuhic@example.net","2001-09-24","197.46.114.172","2013-05-20 00:00:00"
"Loy","Reinger","lorenz.hills@example.org","1999-02-25","41.127.51.139","2009-11-08 00:00:00"
"Toby","Murazik","hadley.oberbrunner@example.com","2003-11-26","101.245.253.59","2012-07-16 00:00:00"
"Mckenzie","Stracke","halie.kozey@example.org","2002-09-06","238.237.98.61","2019-08-21 00:00:00"
"Ricky","Hagenes","taya.kreiger@example.org","1991-12-08","237.209.114.215","2013-05-01 00:00:00"
"Olga","Mitchell","davion75@example.org","1991-10-09","2.196.38.10","1994-02-11 00:00:00"
"Kenyatta","Stiedemann","rosario.mante@example.net","2018-03-06","129.189.44.87","2002-12-16 00:00:00"
"Nicole","Hirthe","max22@example.org","2003-02-13","218.215.107.39","1999-09-23 00:00:00"
"Imogene","Terry","yasmeen.schinner@example.com","2016-10-21","69.136.190.38","2017-02-08 00:00:00"
"Hulda","Brown","norval55@example.org","2008-12-02","85.214.158.226","2003-05-18 00:00:00"
"Velva","Reilly","thartmann@example.org","2015-08-12","40.206.223.123","2007-02-18 00:00:00"
"Ramiro","Blick","dkozey@example.com","2009-01-04","59.127.67.118","2003-12-12 00:00:00"
"Rhoda","Reilly","shawna95@example.org","2018-03-19","66.122.46.223","1992-04-20 00:00:00"
"Devin","Witting","jessica.cole@example.org","2017-10-08","142.45.71.245","2013-02-20 00:00:00"
"Esmeralda","Larson","danielle.robel@example.org","2012-12-24","50.171.20.60","2008-12-16 00:00:00"
"Hipolito","Lubowitz","joshua.lehner@example.net","2001-07-08","36.221.124.116","2018-08-15 00:00:00"
"Cordell","Beier","lawson56@example.org","1990-06-29","98.32.71.161","1991-04-30 00:00:00"
"Adah","Ferry","schimmel.viola@example.net","2018-05-29","1.33.1.36","2013-05-15 00:00:00"
"Emily","Kuvalis","carole11@example.com","2009-07-31","181.75.5.93","1997-06-11 00:00:00"
"Alfreda","Kutch","reagan24@example.net","1997-09-12","5.86.246.213","2004-06-13 00:00:00"
"Marlin","Bauch","pprosacco@example.org","2004-09-01","202.236.201.115","2008-02-14 00:00:00"
"Theresa","Heaney","murray36@example.org","2007-08-06","176.85.205.54","2006-05-25 00:00:00"
"Jaida","Pouros","yconroy@example.com","1994-11-02","136.140.190.20","2018-06-13 00:00:00"
"Grayson","Rempel","brycen.hettinger@example.org","2019-12-27","67.222.158.215","1994-08-02 00:00:00"
"Alexa","Hagenes","fiona00@example.org","2004-01-19","207.241.54.36","1992-02-03 00:00:00"
"May","Cassin","turner.minnie@example.net","1996-08-28","213.101.119.179","1996-08-11 00:00:00"
"Jillian","Ratke","tamia50@example.org","1991-05-31","50.147.132.165","1996-05-07 00:00:00"
"Fritz","Ondricka","fabbott@example.net","2008-11-18","38.49.107.77","2013-04-08 00:00:00"
"Mohammed","Bruen","dell.ziemann@example.net","2013-01-25","139.210.113.182","2000-04-16 00:00:00"
"Buck","Cronin","kblanda@example.net","2001-02-05","66.58.40.106","2019-05-25 00:00:00"
"Katelyn","Schroeder","gcartwright@example.net","2010-02-11","122.30.28.178","2017-03-15 00:00:00"
"Polly","Dare","xhessel@example.com","2014-08-18","56.228.182.76","2020-01-29 00:00:00"
"Lelah","Baumbach","terrence00@example.net","2018-08-22","188.100.61.180","1991-04-08 00:00:00"
"Kamren","Ward","casandra.dooley@example.com","1993-03-18","18.57.87.244","2002-05-28 00:00:00"
"Francisco","Gerlach","schinner.kiana@example.net","2018-05-21","145.184.168.104","2012-08-11 00:00:00"
"Golda","Kuhlman","lamar.turcotte@example.com","1991-07-11","127.0.233.163","1990-11-28 00:00:00"
"Estella","Parisian","herta.lueilwitz@example.net","2012-01-04","250.16.180.53","2017-02-21 00:00:00"
"Allan","Labadie","hector15@example.net","2005-11-23","211.148.93.143","1997-05-28 00:00:00"
"Lura","Wuckert","parker.chanel@example.org","2013-08-19","115.155.149.81","2000-03-17 00:00:00"
"Mina","Heathcote","shanelle.crist@example.com","2019-05-09","237.34.247.10","2004-11-14 00:00:00"
"Joe","Bruen","zlubowitz@example.com","1996-04-18","27.250.158.11","2011-02-27 00:00:00"
"Ahmed","Powlowski","leanne88@example.net","1990-02-11","94.254.200.167","1993-06-11 00:00:00"
"Kailee","Padberg","feeney.moises@example.com","1996-09-03","5.135.134.174","2010-10-19 00:00:00"
"Gabriel","Rowe","fkuhic@example.com","2017-09-03","53.235.146.20","1990-09-01 00:00:00"
"Christine","Konopelski","austen80@example.com","2004-04-23","91.174.0.8","2011-02-25 00:00:00"
"Amparo","Davis","john76@example.net","2012-12-21","34.81.180.176","2019-02-13 00:00:00"
"Josianne","Jakubowski","grice@example.com","2015-12-16","129.193.34.113","2003-03-21 00:00:00"
"Rafael","Mante","metz.barrett@example.net","1990-03-06","135.104.133.8","2007-12-16 00:00:00"
"Chester","Harvey","wpollich@example.com","1998-11-04","242.212.251.240","2008-01-08 00:00:00"
"Matteo","Ratke","wayne05@example.org","2005-11-16","168.161.3.118","2001-01-01 00:00:00"
"Nora","Bergstrom","lesley.heller@example.com","2012-06-29","108.220.194.243","2000-06-23 00:00:00"
"Kay","Schaden","miles.tromp@example.org","2012-09-02","64.215.2.101","2013-03-25 00:00:00"
"Hannah","Wuckert","vsmith@example.net","1993-02-20","55.72.184.76","2018-05-05 00:00:00"
"Tod","Huel","zboncak.claudia@example.com","2007-05-16","201.102.166.138","2019-04-22 00:00:00"
"Wilbert","McClure","madie.block@example.com","2012-01-01","104.28.230.245","2013-04-13 00:00:00"
"Garfield","Flatley","swilderman@example.net","1996-12-27","192.70.65.233","2006-10-09 00:00:00"
"Hallie","Kilback","leopold.hauck@example.com","2001-11-03","76.187.49.54","2008-04-26 00:00:00"
"Carlo","Dooley","kristofer.hoeger@example.org","2007-12-11","24.150.114.97","2007-05-31 00:00:00"
"Green","Bednar","annamarie29@example.net","1997-02-17","154.86.97.211","1991-01-16 00:00:00"
"Nicolas","Jakubowski","bednar.erika@example.net","1991-04-27","174.228.22.232","2010-09-30 00:00:00"
"Barton","Grady","ifritsch@example.net","1994-02-10","203.194.215.179","2014-02-04 00:00:00"
"Domingo","Gulgowski","aufderhar.troy@example.org","1996-06-04","149.163.221.129","2018-08-18 00:00:00"
"Bettye","Cummings","yullrich@example.org","2014-05-18","125.230.189.179","2000-08-29 00:00:00"
"Monique","Mayer","mayert.dorris@example.net","1991-09-28","165.234.155.41","1991-06-22 00:00:00"
"Boyd","Hayes","friesen.celine@example.net","2017-09-15","223.186.222.17","2011-01-10 00:00:00"
"Samantha","Batz","verlie27@example.com","2007-04-07","70.52.124.53","2016-04-12 00:00:00"
"Franco","Schumm","irussel@example.com","1990-06-21","47.64.9.215","2001-07-20 00:00:00"
"Pierre","Turner","tess41@example.net","1991-04-17","185.159.106.251","2017-07-08 00:00:00"
"Deshaun","Johnson","elva31@example.net","2003-07-23","3.3.107.28","2005-06-17 00:00:00"
"Terrence","Robel","marjorie52@example.com","2015-08-21","158.229.184.128","2010-01-20 00:00:00"
"Saul","Okuneva","gilberto10@example.org","1998-03-21","209.80.155.94","2019-12-27 00:00:00"
"Van","Bayer","yvonrueden@example.com","1997-10-30","250.254.152.82","2009-03-12 00:00:00"
"Joseph","Rau","yost.kraig@example.org","2012-07-15","52.91.120.18","2015-03-02 00:00:00"
"Salvatore","Kuhlman","paris33@example.com","2011-06-26","140.251.236.215","2003-01-31 00:00:00"
"Jaron","Ryan","melissa29@example.com","2017-11-24","157.143.209.228","2018-07-22 00:00:00"
"Valerie","Quitzon","ymann@example.com","1999-11-03","216.245.106.179","1992-02-10 00:00:00"
"Roy","Kovacek","merlin.walker@example.net","1995-11-20","213.189.58.224","2005-12-25 00:00:00"
"Lily","Crist","lilliana45@example.net","2011-05-02","172.39.98.84","2003-04-11 00:00:00"
"Kamron","Gulgowski","obie.friesen@example.org","2000-06-06","120.143.201.82","2019-04-18 00:00:00"
"Sammie","Cummerata","adams.lucy@example.org","2015-11-08","35.181.134.233","1996-11-02 00:00:00"
"Berta","Block","ibrahim.wunsch@example.com","1993-06-12","27.34.202.27","2005-02-22 00:00:00"
"Lilliana","Ruecker","sophie78@example.org","2016-10-14","122.62.227.3","1993-04-05 00:00:00"
"Donnie","Lebsack","rpollich@example.com","2001-08-24","219.215.189.140","2013-12-15 00:00:00"
"Eusebio","Heller","liliana35@example.org","2014-05-28","170.71.211.246","1996-06-24 00:00:00"
"Bertrand","Fay","leon73@example.com","1993-05-29","129.223.105.90","2013-09-19 00:00:00"
"Wiley","Dach","hubert.ratke@example.org","1993-05-25","127.47.45.24","2015-04-15 00:00:00"
"Arturo","O'Connell","demetrius.gerlach@example.org","2000-11-23","1.183.198.122","2004-04-10 00:00:00"
"Thaddeus","Kreiger","rosella40@example.org","2018-02-16","114.211.36.25","1993-08-05 00:00:00"
"Jacinthe","Pouros","dwehner@example.org","2002-04-29","179.219.41.35","1990-03-30 00:00:00"
"Lavonne","Schoen","bergstrom.carey@example.net","2003-11-15","178.223.138.173","1992-05-23 00:00:00"
"Maynard","Sporer","lynch.tina@example.net","2010-06-22","252.32.81.92","2011-04-19 00:00:00"
"Elizabeth","Grimes","malika.lubowitz@example.com","2016-07-03","95.104.53.190","2014-01-23 00:00:00"
"Nelda","Carroll","orobel@example.net","1992-07-26","246.192.195.94","1998-03-20 00:00:00"
"Eliane","Spinka","micah.ritchie@example.org","2008-01-10","182.45.9.169","1994-06-26 00:00:00"
"Gabriella","Ullrich","aufderhar.maurice@example.net","1990-02-21","47.74.135.247","1998-05-28 00:00:00"
"Tabitha","Cassin","whoppe@example.net","1997-07-18","123.59.40.164","2001-06-03 00:00:00"
"Misael","Lang","marlin48@example.com","2014-01-11","158.250.205.160","1998-12-19 00:00:00"
"Laurianne","Koch","selmer.tillman@example.com","1992-08-23","148.118.104.221","2019-01-06 00:00:00"
"Mylene","Mayer","rosie.lindgren@example.org","2015-06-09","202.4.106.73","2007-09-04 00:00:00"
"Demetrius","Pfannerstill","angelica92@example.net","2016-10-16","49.251.143.201","1995-09-04 00:00:00"
"Loy","Schoen","bert.pfannerstill@example.org","2012-05-05","216.139.254.76","2012-05-31 00:00:00"
"Shea","Champlin","jraynor@example.org","1994-12-21","105.217.73.37","2000-10-16 00:00:00"
"Connie","Tromp","brown.sonya@example.org","2001-04-10","176.237.21.15","2007-04-20 00:00:00"
"Margie","Effertz","jairo.veum@example.net","1991-08-02","202.134.159.234","1997-07-26 00:00:00"
"Trace","Welch","roy.hagenes@example.net","2015-07-02","166.123.160.85","2005-05-13 00:00:00"
"Shad","Will","raphael.volkman@example.org","2017-05-20","204.243.210.156","1996-11-02 00:00:00"
"Newell","Donnelly","vernie68@example.net","2004-04-19","232.240.104.70","2018-05-10 00:00:00"
"Trenton","Sawayn","kip79@example.com","1995-08-31","65.82.143.244","1999-12-27 00:00:00"
"Napoleon","Sipes","zmraz@example.org","2015-04-06","239.81.237.53","1997-09-08 00:00:00"
"Evalyn","Daugherty","nickolas.krajcik@example.net","2016-02-17","100.121.168.154","2001-01-02 00:00:00"
"Aliyah","Nader","nwyman@example.org","1993-04-11","47.177.245.90","2003-06-24 00:00:00"
"Kendrick","Terry","kenny.leuschke@example.com","1998-02-20","200.46.164.125","2016-03-13 00:00:00"
"Fay","Morar","parker.lilla@example.org","2007-03-17","10.78.85.34","1996-09-14 00:00:00"
"Tia","Lubowitz","rosie.kihn@example.org","2001-06-12","123.170.24.151","1995-05-23 00:00:00"
"Philip","Kassulke","twunsch@example.org","2009-10-20","247.201.37.112","1996-11-26 00:00:00"
"Jerrold","Douglas","robert08@example.org","1995-04-19","132.15.219.96","2008-10-02 00:00:00"
"Martin","Cummerata","karelle.brekke@example.com","2013-03-31","197.215.136.103","2015-12-22 00:00:00"
"Lukas","Shields","corrine.waelchi@example.org","1996-06-14","215.229.231.133","2005-08-23 00:00:00"
"Monty","Mante","sanford.ashleigh@example.net","2014-05-08","242.43.166.57","2007-10-04 00:00:00"
"Issac","Bailey","natalia.beer@example.org","1991-08-27","9.45.104.195","2011-03-30 00:00:00"
"Alia","Deckow","coreilly@example.com","2008-05-17","126.129.89.232","2010-04-11 00:00:00"
"Linnea","Towne","gerhard49@example.net","2008-05-14","139.208.224.107","1993-09-17 00:00:00"
"Janick","Fahey","vjenkins@example.com","2018-04-30","94.198.159.87","1998-06-14 00:00:00"
"Adriana","White","hardy17@example.com","2020-02-24","45.9.132.41","2007-02-06 00:00:00"
"Cristobal","Bins","lang.yadira@example.com","2004-07-09","55.60.249.67","1997-07-22 00:00:00"
"Bessie","Goodwin","mjakubowski@example.com","2001-05-17","109.167.81.0","2005-04-11 00:00:00"
"Vita","Bechtelar","columbus68@example.net","2003-02-24","126.143.142.193","2016-04-22 00:00:00"
"Uriah","Hand","rippin.eudora@example.net","2013-01-11","136.120.24.216","1992-01-02 00:00:00"
"Jody","Tillman","dora20@example.com","2006-08-22","218.158.149.14","2019-11-04 00:00:00"
"Charlene","Crona","twatsica@example.org","1998-06-29","30.93.17.253","1991-07-06 00:00:00"
"Bulah","Oberbrunner","jaida.keebler@example.net","2018-02-18","161.29.43.211","2018-08-11 00:00:00"
"Ashton","Schmeler","mueller.rebekah@example.com","2002-08-27","2.197.146.53","2013-07-03 00:00:00"
"Hardy","Runolfsson","kuphal.opal@example.net","2018-10-13","67.43.136.197","1998-02-22 00:00:00"
"Greyson","Jast","shirley61@example.net","2010-05-10","21.153.195.188","1998-05-18 00:00:00"
"Abraham","Williamson","eddie27@example.net","2007-07-06","236.246.117.70","2006-11-06 00:00:00"
"Randal","Bruen","mathew.donnelly@example.com","1990-06-16","144.107.210.235","1995-04-19 00:00:00"
"Norma","Lehner","roob.rowan@example.org","2016-04-05","24.183.76.6","1990-05-03 00:00:00"
"Humberto","Bins","shyanne38@example.net","2006-01-26","58.235.68.126","2001-11-12 00:00:00"
"Dana","Swift","hschuster@example.com","1995-01-04","89.239.174.15","2009-10-01 00:00:00"
"Bud","Schamberger","tamara.harris@example.com","2010-05-23","109.75.147.47","2017-06-04 00:00:00"
"Jacinto","Bogan","zieme.gwendolyn@example.org","1995-03-08","241.82.187.236","2003-05-15 00:00:00"
"Myron","Carter","federico.labadie@example.net","2002-10-21","198.85.234.214","2019-03-23 00:00:00"
"Ezekiel","Zieme","mosciski.benjamin@example.com","2006-03-04","151.143.57.11","2014-01-19 00:00:00"
"Samanta","Gutmann","ehermiston@example.com","2000-12-18","151.115.218.238","2006-12-09 00:00:00"
"Mariam","Bernier","aharber@example.org","2017-08-14","57.118.158.91","2008-06-12 00:00:00"
"Liliana","Collier","muller.daisy@example.net","2006-03-17","39.237.73.120","1997-10-17 00:00:00"
"Chaya","Ryan","tremaine88@example.net","2007-05-09","188.159.228.160","2019-09-01 00:00:00"
"Dashawn","Herman","cleo.rice@example.org","2005-07-21","195.103.111.167","2016-08-27 00:00:00"
"Clair","Marquardt","gerda11@example.org","2010-10-02","161.7.167.228","1996-10-13 00:00:00"
"Peyton","VonRueden","lblick@example.org","2005-03-04","50.99.192.232","2007-03-04 00:00:00"
"Retha","Gaylord","rylee57@example.net","2013-05-14","71.222.222.45","2010-11-27 00:00:00"
"Bailee","Ledner","urowe@example.com","2008-02-08","233.209.128.16","1994-07-13 00:00:00"
"Sylvan","Hartmann","edyth88@example.org","2007-08-01","21.56.141.40","2000-07-15 00:00:00"
"Hermann","Nicolas","willms.sherwood@example.net","2006-03-25","32.189.253.243","2010-02-16 00:00:00"
"Austyn","Kreiger","ola.larkin@example.com","2011-11-13","210.131.89.215","1992-07-29 00:00:00"
"Nat","Ward","cronin.enid@example.net","1998-08-04","105.220.247.5","2018-07-20 00:00:00"
"Jesse","Kuhlman","darrion.wuckert@example.com","2016-12-16","144.177.170.196","2018-08-07 00:00:00"
"Hugh","Schmitt","becker.dorothea@example.org","2013-01-02","98.127.207.188","2000-09-07 00:00:00"
"Katarina","Fay","moriah.murray@example.com","2013-11-27","131.210.149.30","2011-02-06 00:00:00"
"Daphnee","Schmeler","amalia.lang@example.org","2000-05-21","243.201.81.229","2002-11-18 00:00:00"
"Kennith","Hirthe","harber.kurt@example.org","2017-07-16","46.118.13.52","2005-07-08 00:00:00"
"Lawson","Bednar","paige87@example.com","1998-12-28","126.157.82.173","2000-04-01 00:00:00"
"Cristian","Conroy","erica89@example.net","2000-03-16","238.197.154.217","2001-06-30 00:00:00"
"Elroy","Braun","kailee25@example.org","2014-10-15","253.246.117.195","1994-01-29 00:00:00"
"Derick","Schroeder","max.murphy@example.org","2004-12-31","26.188.12.232","2011-01-16 00:00:00"
"Kayley","Bogan","stoltenberg.eleanora@example.com","2006-05-17","171.225.157.138","1993-02-01 00:00:00"
"Hailey","Quigley","pwiegand@example.net","1993-05-13","183.171.130.38","2013-03-20 00:00:00"
"Teresa","Effertz","rath.caleigh@example.com","1994-02-10","62.223.218.199","2016-08-05 00:00:00"
"Bridgette","Dooley","lschimmel@example.org","1999-08-22","132.213.227.72","2003-05-05 00:00:00"
"Ignacio","Tremblay","ihartmann@example.net","1993-07-01","87.137.157.228","2011-08-15 00:00:00"
"Clemens","West","rutherford.maureen@example.net","2010-07-23","110.140.249.127","2009-12-29 00:00:00"
"Deon","Hettinger","anita.bauch@example.net","2007-11-07","168.219.220.150","2019-07-25 00:00:00"
"Gerardo","Runolfsdottir","rick.berge@example.net","2009-08-25","114.53.177.172","2014-01-22 00:00:00"
"Domingo","Bernhard","qhahn@example.net","1993-07-05","165.162.111.228","1999-02-03 00:00:00"
"Rae","Johnson","lwill@example.com","2012-09-18","100.19.211.127","1995-02-01 00:00:00"
"Colby","Graham","myron53@example.com","2012-05-13","40.211.234.188","2009-12-03 00:00:00"
"Hallie","Terry","sanford.windler@example.org","2006-11-05","183.251.59.162","2005-06-16 00:00:00"
"Alison","Cummings","roel84@example.net","2005-05-11","224.117.103.40","2012-07-02 00:00:00"
"Paula","Hermann","trussel@example.net","2007-10-21","179.124.122.195","1996-12-06 00:00:00"
"Harley","Klocko","jeffry67@example.com","1990-06-10","238.114.206.155","2006-09-23 00:00:00"
"Corine","Ondricka","parker.fahey@example.net","2008-09-09","74.62.217.192","2002-06-23 00:00:00"
"Johann","Luettgen","dicki.linnea@example.com","2013-06-30","38.81.151.113","2007-12-26 00:00:00"
"Carolanne","Feest","katlynn.schowalter@example.com","1993-11-11","212.213.225.245","1993-04-12 00:00:00"
"Delmer","Collins","royal10@example.org","2018-09-28","138.19.171.46","2016-10-02 00:00:00"
"Obie","Koelpin","christine.rodriguez@example.org","2016-08-08","145.66.207.246","2012-05-08 00:00:00"
"Declan","Lindgren","matilda.hills@example.org","2010-10-09","255.90.200.213","2005-11-29 00:00:00"
"Maryse","McGlynn","nestor.white@example.net","2013-08-26","247.216.144.32","1993-01-23 00:00:00"
"Ryder","Weimann","qkerluke@example.org","1991-05-29","249.129.0.164","1993-01-13 00:00:00"
"Raina","Gutkowski","dana.kassulke@example.net","2010-05-30","183.58.22.120","2011-08-12 00:00:00"
"Camren","Bechtelar","domenica72@example.net","2012-09-18","255.177.5.60","2018-08-28 00:00:00"
"Stacey","Hoeger","curt.gulgowski@example.com","1991-06-09","152.55.136.27","2002-12-08 00:00:00"
"Maxie","Mraz","daisy.wolf@example.com","2016-09-06","238.148.26.41","1995-10-14 00:00:00"
"Bethel","Nader","fredy.waelchi@example.org","1994-12-10","13.16.63.221","2005-04-02 00:00:00"
"Jayson","Windler","gerlach.moises@example.net","1994-04-05","33.45.25.182","1993-10-11 00:00:00"
